,PERIOD,EVT,WALLCLK,CL,DE,LOCX,LOCY,OPT1,OPT2,OPT3,OPT4,MTYPE,ETYPE,OPID,TID,PID,HS,VS,EPID,OFTID,ORD,PTS,diff_a-h
0,1,2,2024-03-09T00:41:51.9000000+00:00,12:00,Start Period,0,-80,0,0,0,0,0,12,,0,0,0,0,,0,20000,0,0
1,1,4,2024-03-09T00:41:55.0000000+00:00,11:56,Jump Ball Carter Jr. vs Achiuwa (Black gains possession),0,-80,0,0,0,0,0,10,1630173,1610612753,1628976,0,0,1641710,1610612753,60000,0,0
2,1,7,2024-03-09T00:42:12.2000000+00:00,11:41,Stoppage: Out-of-Bounds,0,-80,0,0,0,0,3,20,,0,0,0,0,,1610612753,70000,0,0
3,1,8,2024-03-09T00:42:30.5000000+00:00,11:35,[ORL] Wagner 3pt Shot: Missed Block: Achiuwa (1 BLK),-78,241,3,0,0,0,79,2,1630173,1610612753,1630532,0,0,,1610612753,80000,0,0
4,1,10,2024-03-09T00:42:31.5000000+00:00,11:34,[ORL] Team Rebound,-78,241,1,0,0,0,0,4,,1610612753,0,0,0,,1610612753,100000,0,0
5,1,11,2024-03-09T00:42:44.4000000+00:00,11:34,[ORL] Team Turnover : Shot Clock Turnover,-64,101,0,0,0,0,11,5,,1610612753,0,0,0,1830,1610612753,110000,0,0
6,1,12,2024-03-09T00:43:09.5000000+00:00,11:34,Stoppage: Equipment Malfunction,0,-80,0,0,0,0,5,20,,0,0,0,0,,1610612752,120000,0,0
7,1,13,2024-03-09T00:43:43.5000000+00:00,11:19,[NYK] DiVincenzo Turnover : Bad Pass (1 TO) Steal:Banchero (1 ST),-148,311,1,0,0,0,1,5,1631094,1610612752,1628978,0,0,,1610612752,130000,0,0
8,1,15,2024-03-09T00:43:49.2000000+00:00,11:17,Stoppage: Out-of-Bounds,0,-80,0,0,0,0,3,20,,0,0,0,0,,1610612753,150000,0,0
9,1,16,2024-03-09T00:44:14.3000000+00:00,11:08,[ORL] Banchero Driving Layup Shot: Missed Block: Hartenstein (1 BLK),0,18,2,0,0,0,6,2,1628392,1610612753,1631094,0,0,,1610612753,160000,0,0
10,1,18,2024-03-09T00:44:16.3000000+00:00,11:06,[NYK] Achiuwa Rebound (Off:0 Def:1),0,18,0,0,0,0,0,4,,1610612752,1630173,0,0,,1610612753,180000,0,0
11,1,19,2024-03-09T00:44:28.7000000+00:00,10:55,[NYK] Achiuwa Driving Layup Shot: Missed Block: Carter Jr. (1 BLK),-20,5,2,0,0,0,6,2,1628976,1610612752,1630173,0,0,,1610612752,190000,0,0
12,1,20,2024-03-09T00:44:30.7000000+00:00,10:53,[NYK] Hartenstein Rebound (Off:1 Def:0),-20,5,1,0,0,0,0,4,,1610612752,1628392,0,0,,1610612752,200000,0,0
13,1,21,2024-03-09T00:44:36.9000000+00:00,10:46,[NYK 3-0] Hart 3pt Shot: Made (3 PTS),-229,1,3,0,0,0,1,1,,1610612752,1628404,3,0,,1610612752,210000,3,-3
14,1,22,2024-03-09T00:45:05.6000000+00:00,10:18,[ORL] Black Driving Floating Jump Shot: Missed,-17,47,2,0,0,0,101,2,,1610612753,1641710,3,0,,1610612753,220000,0,-3
15,1,23,2024-03-09T00:45:07.6000000+00:00,10:16,[NYK] Hartenstein Rebound (Off:1 Def:1),-17,47,0,0,0,0,0,4,,1610612752,1628392,3,0,,1610612753,230000,0,-3
16,1,24,2024-03-09T00:45:12.9000000+00:00,10:10,[NYK 5-0] Hart Running Layup Shot: Made (5 PTS),10,0,2,1,0,0,41,1,,1610612752,1628404,5,0,,1610612752,240000,2,-5
17,1,25,2024-03-09T00:45:34.2000000+00:00,09:48,[ORL] Black Driving Layup Shot: Missed Block: DiVincenzo (1 BLK),-5,25,2,0,0,0,6,2,1628978,1610612753,1641710,5,0,,1610612753,250000,0,-5
18,1,27,2024-03-09T00:45:36.2000000+00:00,09:46,[NYK] Achiuwa Rebound (Off:0 Def:2),-5,25,0,0,0,0,0,4,,1610612752,1630173,5,0,,1610612753,270000,0,-5
19,1,28,2024-03-09T00:45:43.4000000+00:00,09:42,[NYK 7-0] Hartenstein Cutting Layup Shot: Made (2 PTS) Assist: Hart (1 AST),-2,3,2,0,0,0,98,1,,1610612752,1628392,7,0,1628404,1610612752,280000,2,-7
20,1,30,2024-03-09T00:45:46.5000000+00:00,09:42,[ORL] Black Foul: Shooting (1 PF) (1 FTA) (N Green),-2,3,0,0,1,0,2,6,1628392,1610612753,1641710,7,0,1627524,1610612752,300000,0,-7
21,1,32,2024-03-09T00:46:15.4000000+00:00,09:42,[NYK 8-0] Hartenstein Free Throw 1 of 1 (3 PTS),0,-80,1,0,1,0,10,3,,1610612752,1628392,8,0,,1610612752,320000,1,-8
22,1,33,2024-03-09T00:46:31.8000000+00:00,09:32,[ORL 2-8] Banchero Layup Shot: Made (2 PTS) Assist: Carter Jr. (1 AST),11,8,2,0,0,0,5,1,,1610612753,1631094,8,2,1628976,1610612753,330000,2,-6
23,1,35,2024-03-09T00:46:33.9000000+00:00,09:32,[NYK] Hart Foul: Shooting (1 PF) (1 FTA) (N Green),11,8,0,0,1,0,2,6,1631094,1610612752,1628404,8,2,1627524,1610612753,350000,0,-6
24,1,37,2024-03-09T00:47:09.7000000+00:00,09:32,[ORL 3-8] Banchero Free Throw 1 of 1 (3 PTS),0,-80,1,0,1,0,10,3,,1610612753,1631094,8,3,,1610612753,370000,1,-5
25,1,38,2024-03-09T00:47:20.7000000+00:00,09:22,[NYK] Brunson Driving Layup Shot: Missed,-10,6,2,0,0,0,6,2,,1610612752,1628973,8,3,,1610612752,380000,0,-5
26,1,39,2024-03-09T00:47:22.7000000+00:00,09:20,[ORL] Wagner Rebound (Off:0 Def:1),-10,6,0,0,0,0,0,4,,1610612753,1630532,8,3,,1610612752,390000,0,-5
27,1,40,2024-03-09T00:47:32.8000000+00:00,09:11,[ORL] Wagner Driving Layup Shot: Missed Block: Hartenstein (2 BLK),17,28,2,0,0,0,6,2,1628392,1610612753,1630532,8,3,,1610612753,400000,0,-5
28,1,42,2024-03-09T00:47:33.8000000+00:00,09:10,[NYK] Team Rebound,17,28,0,0,0,0,0,4,,1610612752,0,8,3,,1610612753,420000,0,-5
29,1,43,2024-03-09T00:47:36.8000000+00:00,09:10,Stoppage: Out-of-Bounds,0,-80,0,0,0,0,3,20,,0,0,8,3,,1610612752,430000,0,-5
30,1,44,2024-03-09T00:47:54.0000000+00:00,08:53,[NYK 10-3] Brunson Pullup Jump shot: Made (2 PTS),92,126,2,0,0,0,79,1,,1610612752,1628973,10,3,,1610612752,440000,2,-7
31,1,45,2024-03-09T00:48:12.6000000+00:00,08:38,[ORL] Carter Jr. Turnover : Out of Bounds Lost Ball Turnover (1 TO),-23,18,0,0,0,0,40,5,,1610612753,1628976,10,3,1627962,1610612753,450000,0,-7
32,1,46,2024-03-09T00:48:34.8000000+00:00,08:22,[NYK] Achiuwa Turnover : Out of Bounds Lost Ball Turnover (1 TO),29,37,0,0,0,0,40,5,,1610612752,1630173,10,3,1627524,1610612752,460000,0,-7
33,1,47,2024-03-09T00:49:00.4000000+00:00,08:06,[ORL] Harris Driving Layup Shot: Missed,-1,8,2,0,0,0,6,2,,1610612753,203914,10,3,,1610612753,470000,0,-7
34,1,48,2024-03-09T00:49:02.4000000+00:00,08:04,[NYK] Achiuwa Rebound (Off:0 Def:3),-1,8,0,0,0,0,0,4,,1610612752,1630173,10,3,,1610612753,480000,0,-7
35,1,49,2024-03-09T00:49:14.7000000+00:00,07:51,[NYK 13-3] DiVincenzo 3pt Shot: Made (3 PTS) Assist: Hartenstein (1 AST),-238,-9,3,0,0,0,1,1,,1610612752,1628978,13,3,1628392,1610612752,490000,3,-10
36,1,51,2024-03-09T00:49:20.8000000+00:00,07:50,Timeout : Regular,0,-80,0,0,0,0,1,9,,1610612753,1610612753,13,3,,1610612753,510000,0,-10
37,1,53,2024-03-09T00:52:45.3000000+00:00,07:32,[ORL 6-13] Carter Jr. 3pt Shot: Made (3 PTS) Assist: Banchero (1 AST),-61,241,3,0,0,0,1,1,,1610612753,1628976,13,6,1631094,1610612753,520000,3,-7
38,1,55,2024-03-09T00:53:03.9000000+00:00,07:13,[NYK 15-6] Brunson Driving Floating Jump Shot: Made (4 PTS),15,110,2,0,0,0,101,1,,1610612752,1628973,15,6,,1610612752,540000,2,-9
39,1,56,2024-03-09T00:53:28.5000000+00:00,06:49,[ORL] Wagner Driving Finger Roll Layup Shot: Missed,4,12,2,0,0,0,75,2,,1610612753,1630532,15,6,,1610612753,550000,0,-9
40,1,57,2024-03-09T00:53:30.5000000+00:00,06:47,[ORL] Carter Jr. Rebound (Off:1 Def:0),4,12,1,0,0,0,0,4,,1610612753,1628976,15,6,,1610612753,560000,0,-9
41,1,58,2024-03-09T00:53:31.7000000+00:00,06:47,[ORL] Carter Jr. Tip Layup Shot: Missed,0,0,2,0,0,0,97,2,,1610612753,1628976,15,6,,1610612753,570000,0,-9
42,1,59,2024-03-09T00:53:33.7000000+00:00,06:45,[NYK] Hartenstein Rebound (Off:1 Def:2),0,0,0,0,0,0,0,4,,1610612752,1628392,15,6,,1610612753,580000,0,-9
43,1,60,2024-03-09T00:53:37.3000000+00:00,06:40,[NYK 18-6] Brunson 3pt Shot: Made (7 PTS),172,180,3,1,0,0,103,1,,1610612752,1628973,18,6,,1610612752,590000,3,-12
44,1,61,2024-03-09T00:53:50.3000000+00:00,06:27,[ORL 8-18] Banchero Pullup Jump shot: Made (5 PTS),72,144,2,0,0,0,79,1,,1610612753,1631094,18,8,,1610612753,600000,2,-10
45,1,62,2024-03-09T00:54:10.2000000+00:00,06:07,[NYK] Achiuwa Driving Layup Shot: Missed Block: Banchero (1 BLK),-15,19,2,0,0,0,6,2,1631094,1610612752,1630173,18,8,,1610612752,610000,0,-10
46,1,64,2024-03-09T00:54:12.2000000+00:00,06:05,[ORL] Carter Jr. Rebound (Off:1 Def:1),-15,19,0,0,0,0,0,4,,1610612753,1628976,18,8,,1610612752,630000,0,-10
47,1,65,2024-03-09T00:54:22.2000000+00:00,05:55,[ORL] Wagner Driving Layup Shot: Missed,15,0,2,0,0,0,6,2,,1610612753,1630532,18,8,,1610612753,640000,0,-10
48,1,66,2024-03-09T00:54:23.2000000+00:00,05:54,[ORL] Carter Jr. Rebound (Off:2 Def:1),15,0,1,0,0,0,0,4,,1610612753,1628976,18,8,,1610612753,650000,0,-10
49,1,67,2024-03-09T00:54:25.2000000+00:00,05:53,[NYK] Hartenstein Foul: Shooting (1 PF) (2 FTA) (N Green),-1,17,0,0,2,0,2,6,1628976,1610612752,1628392,18,8,1627524,1610612753,660000,0,-10
50,1,69,2024-03-09T00:55:05.7000000+00:00,05:53,[ORL 9-18] Carter Jr. Free Throw 1 of 2 (4 PTS),0,-80,1,0,1,0,11,3,,1610612753,1628976,18,9,,1610612753,680000,1,-9
51,1,70,2024-03-09T00:55:05.7000000+00:00,05:53,[ORL] Carter Jr. Free Throw 2 of 2 Missed,0,-80,2,0,0,0,12,3,,1610612753,1628976,18,9,,1610612753,690000,0,-9
52,1,71,2024-03-09T00:55:07.7000000+00:00,05:51,[NYK] Hartenstein Rebound (Off:1 Def:3),0,-80,0,0,0,0,0,4,,1610612752,1628392,18,9,,1610612753,690001,0,-9
53,1,72,2024-03-09T00:55:34.6000000+00:00,05:45,[NYK 21-9] Brunson 3pt Shot: Made (10 PTS),6,293,3,0,0,0,79,1,,1610612752,1628973,21,9,,1610612752,710000,3,-12
54,1,73,2024-03-09T00:55:57.4000000+00:00,05:25,Stoppage: Out-of-Bounds,0,-80,0,0,0,0,3,20,,0,0,21,9,,1610612753,720000,0,-12
55,1,74,2024-03-09T00:55:57.5000000+00:00,05:25,[NYK] Hartenstein Substitution replaced by Sims,0,-80,0,0,0,0,0,8,,1610612752,1628392,21,9,1630579,1610612753,730000,0,-12
56,1,76,2024-03-09T00:56:26.8000000+00:00,05:19,[NYK] Brunson Foul: Personal (1 PF) (M Davis),-148,-18,0,0,0,0,1,6,1641710,1610612752,1628973,21,9,1830,1610612753,750000,0,-12
57,1,78,2024-03-09T00:56:53.1000000+00:00,05:07,[ORL 12-21] Carter Jr. 3pt Shot: Made (7 PTS) Assist: Banchero (2 AST),-86,239,3,0,0,0,1,1,,1610612753,1628976,21,12,1631094,1610612753,770000,3,-9
58,1,80,2024-03-09T00:57:09.5000000+00:00,04:53,[ORL] Carter Jr. Foul: Personal (1 PF) (N Green),-20,120,0,0,0,0,1,6,1628973,1610612753,1628976,21,12,1627524,1610612752,790000,0,-9
59,1,82,2024-03-09T00:57:09.6000000+00:00,04:53,[ORL] Wagner Substitution replaced by Ingles,0,-80,0,0,0,0,0,8,,1610612753,1630532,21,12,204060,1610612752,810000,0,-9
60,1,84,2024-03-09T00:57:50.4000000+00:00,04:43,Stoppage: Out-of-Bounds,0,-80,0,0,0,0,3,20,,0,0,21,12,,1610612752,830000,0,-9
61,1,85,2024-03-09T00:58:03.1000000+00:00,04:38,[NYK] DiVincenzo Driving Layup Shot: Missed Block: Carter Jr. (2 BLK),-2,-2,2,0,0,0,6,2,1628976,1610612752,1628978,21,12,,1610612752,840000,0,-9
62,1,87,2024-03-09T00:58:05.1000000+00:00,04:36,[ORL] Harris Rebound (Off:0 Def:1),-2,-2,0,0,0,0,0,4,,1610612753,203914,21,12,,1610612752,860000,0,-9
63,1,88,2024-03-09T00:58:09.3000000+00:00,04:32,[ORL 15-21] Banchero 3pt Shot: Made (8 PTS) Assist: Harris (1 AST),-120,215,3,1,0,0,2,1,,1610612753,1631094,21,15,203914,1610612753,870000,3,-6
64,1,90,2024-03-09T00:58:24.8000000+00:00,04:20,Timeout : Regular,0,-80,0,0,0,0,1,9,,1610612752,1610612752,21,15,,1610612752,890000,0,-6
65,1,91,2024-03-09T00:58:24.9000000+00:00,04:20,[NYK] Brunson Substitution replaced by McBride,0,-80,0,0,0,0,0,8,,1610612752,1628973,21,15,1630540,1610612752,900000,0,-6
66,1,93,2024-03-09T01:01:44.5000000+00:00,04:05,[NYK 23-15] Achiuwa Layup Shot: Made (2 PTS) Assist: Sims (1 AST),-1,4,2,0,0,0,5,1,,1610612752,1630173,23,15,1630579,1610612752,920000,2,-8
67,1,95,2024-03-09T01:02:06.4000000+00:00,03:43,[ORL] Carter Jr. Turnaround Jump Shot: Missed,-76,0,2,0,0,0,47,2,,1610612753,1628976,23,15,,1610612753,940000,0,-8
68,1,96,2024-03-09T01:02:08.4000000+00:00,03:41,[NYK] DiVincenzo Rebound (Off:0 Def:1),-76,0,0,0,0,0,0,4,,1610612752,1628978,23,15,,1610612753,950000,0,-8
69,1,97,2024-03-09T01:02:13.9000000+00:00,03:35,[NYK] DiVincenzo 3pt Shot: Missed,172,210,3,1,0,0,103,2,,1610612752,1628978,23,15,,1610612752,960000,0,-8
70,1,98,2024-03-09T01:02:15.9000000+00:00,03:33,[ORL] Black Rebound (Off:0 Def:1),172,210,0,0,0,0,0,4,,1610612753,1641710,23,15,,1610612752,970000,0,-8
71,1,99,2024-03-09T01:02:34.1000000+00:00,03:15,[ORL 17-23] Banchero Pullup Jump shot: Made (10 PTS),40,192,2,0,0,0,79,1,,1610612753,1631094,23,17,,1610612753,980000,2,-6
72,1,100,2024-03-09T01:03:01.9000000+00:00,02:47,[NYK 26-17] McBride 3pt Shot: Made (3 PTS) Assist: Hart (2 AST),-159,193,3,0,0,0,79,1,,1610612752,1630540,26,17,1628404,1610612752,990000,3,-9
73,1,102,2024-03-09T01:03:25.0000000+00:00,02:30,[NYK] Sims Foul: Non-Unsportsmanlike Technical Foul - Defensive Three Seconds (1 PF) (1 FTA) (M Davis),0,-80,0,0,1,0,17,6,,1610612752,1630579,26,17,1830,1610612753,1010000,0,-9
74,1,103,2024-03-09T01:03:47.1000000+00:00,02:30,[ORL] Ingles Free Throw Technical Missed,0,-80,2,0,0,0,16,3,,1610612753,204060,26,17,,1610612753,1020000,0,-9
75,1,104,2024-03-09T01:03:47.1000000+00:00,02:30,[ORL] Team Rebound,0,-80,1,0,0,0,1,4,,1610612753,0,26,17,,1610612753,1020001,0,-9
76,1,105,2024-03-09T01:03:47.2000000+00:00,02:30,[NYK] Hart Substitution replaced by Bogdanovic,0,-80,0,0,0,0,0,8,,1610612752,1628404,26,17,202711,1610612753,1040000,0,-9
77,1,106,2024-03-09T01:03:47.2000000+00:00,02:30,[ORL] Black Substitution replaced by Anthony,0,-80,0,0,0,0,0,8,,1610612753,1641710,26,17,1630175,1610612753,1050000,0,-9
78,1,109,2024-03-09T01:04:13.3000000+00:00,02:22,[ORL] Banchero Turnaround Jump Shot: Missed,-2,98,2,0,0,0,47,2,,1610612753,1631094,26,17,,1610612753,1080000,0,-9
79,1,110,2024-03-09T01:04:15.3000000+00:00,02:20,[NYK] McBride Rebound (Off:0 Def:1),-2,98,0,0,0,0,0,4,,1610612752,1630540,26,17,,1610612753,1090000,0,-9
80,1,111,2024-03-09T01:04:25.4000000+00:00,02:10,[NYK] Achiuwa Pullup Jump shot: Missed,-31,101,2,0,0,0,79,2,,1610612752,1630173,26,17,,1610612752,1100000,0,-9
81,1,112,2024-03-09T01:04:27.8000000+00:00,02:08,[NYK] Sims Rebound (Off:1 Def:0),-31,101,1,0,0,0,0,4,,1610612752,1630579,26,17,,1610612752,1110000,0,-9
82,1,113,2024-03-09T01:04:33.8000000+00:00,02:01,[NYK] Achiuwa Layup Shot: Missed,-27,20,2,0,0,0,5,2,,1610612752,1630173,26,17,,1610612752,1120000,0,-9
83,1,114,2024-03-09T01:04:34.8000000+00:00,02:00,[ORL] Carter Jr. Rebound (Off:2 Def:2),-27,20,0,0,0,0,0,4,,1610612753,1628976,26,17,,1610612752,1130000,0,-9
84,1,115,2024-03-09T01:04:46.1000000+00:00,01:49,[ORL 19-26] Banchero Turnaround Jump Shot: Made (12 PTS),136,7,2,0,0,0,47,1,,1610612753,1631094,26,19,,1610612753,1140000,2,-7
85,1,116,2024-03-09T01:05:05.7000000+00:00,01:32,[NYK] Bogdanovic Turnover : Traveling (1 TO),-15,51,0,0,0,0,4,5,,1610612752,202711,26,19,1830,1610612752,1150000,0,-7
86,1,117,2024-03-09T01:05:05.8000000+00:00,01:32,[ORL] Banchero Substitution replaced by Fultz,0,-80,0,0,0,0,0,8,,1610612753,1631094,26,19,1628365,1610612753,1160000,0,-7
87,1,118,2024-03-09T01:05:05.8000000+00:00,01:32,[ORL] Harris Substitution replaced by Wagner,0,-80,0,0,0,0,0,8,,1610612753,203914,26,19,1629021,1610612753,1170000,0,-7
88,1,119,2024-03-09T01:05:05.8000000+00:00,01:32,[ORL] Carter Jr. Substitution replaced by Isaac,0,-80,0,0,0,0,0,8,,1610612753,1628976,26,19,1628371,1610612753,1180000,0,-7
89,1,123,2024-03-09T01:05:45.3000000+00:00,01:20,[NYK] Achiuwa Foul: Shooting (1 PF) (2 FTA) (M Davis),6,5,0,0,2,0,2,6,1628371,1610612752,1630173,26,19,1830,1610612753,1220000,0,-7
90,1,125,2024-03-09T01:06:18.7000000+00:00,01:20,[ORL 20-26] Isaac Free Throw 1 of 2 (1 PTS),0,-80,1,0,1,0,11,3,,1610612753,1628371,26,20,,1610612753,1240000,1,-6
91,1,126,2024-03-09T01:06:38.3000000+00:00,01:20,[ORL 21-26] Isaac Free Throw 2 of 2 (2 PTS),0,-80,1,0,1,0,12,3,,1610612753,1628371,26,21,,1610612753,1250000,1,-5
92,1,127,2024-03-09T01:06:52.9000000+00:00,01:06,[NYK 29-21] McBride 3pt Shot: Made (6 PTS) Assist: DiVincenzo (1 AST),-229,-1,3,0,0,0,1,1,,1610612752,1630540,29,21,1628978,1610612752,1260000,3,-8
93,1,129,2024-03-09T01:07:12.1000000+00:00,00:49.5,Stoppage: Out-of-Bounds,0,-80,0,0,0,0,3,20,,0,0,29,21,,1610612753,1280000,0,-8
94,1,130,2024-03-09T01:07:33.2000000+00:00,00:41.2,[ORL] Isaac Driving Layup Shot: Missed Block: Achiuwa (2 BLK),16,33,2,0,0,0,6,2,1630173,1610612753,1628371,29,21,,1610612753,1290000,0,-8
95,1,131,2024-03-09T01:07:34.3000000+00:00,00:40.1,[ORL] Isaac Rebound (Off:1 Def:0),16,33,1,0,0,0,0,4,,1610612753,1628371,29,21,,1610612753,1300000,0,-8
96,1,132,2024-03-09T01:07:36.3000000+00:00,00:40.1,[ORL 23-29] Isaac Putback Layup Shot: Made (4 PTS),13,19,2,0,0,0,72,1,,1610612753,1628371,29,23,,1610612753,1310000,2,-6
97,1,133,2024-03-09T01:07:53.7000000+00:00,00:23.8,[NYK] Achiuwa Turnover : Lost Ball (2 TO) Steal:Isaac (1 ST),-29,24,1,0,0,0,2,5,1628371,1610612752,1630173,29,23,,1610612752,1320000,0,-6
98,1,135,2024-03-09T01:08:05.1000000+00:00,00:12.4,[ORL] Wagner Layup Shot: Missed Block: Sims (1 BLK),23,25,2,0,0,0,5,2,1630579,1610612753,1629021,29,23,,1610612753,1340000,0,-6
99,1,137,2024-03-09T01:08:07.2000000+00:00,00:10.3,[NYK] Achiuwa Rebound (Off:0 Def:4),23,25,0,0,0,0,0,4,,1610612752,1630173,29,23,,1610612753,1360000,0,-6
100,1,138,2024-03-09T01:08:10.6000000+00:00,00:07.3,[NYK 31-23] Bogdanovic Running Layup Shot: Made (2 PTS) Assist: DiVincenzo (2 AST),-4,-5,2,1,0,0,41,1,,1610612752,202711,31,23,1628978,1610612752,1370000,2,-8
101,1,140,2024-03-09T01:08:19.2000000+00:00,00:00.6,[ORL] Fultz 3pt Shot: Missed,-124,215,3,0,0,0,79,2,,1610612753,1628365,31,23,,1610612753,1390000,0,-8
102,1,141,2024-03-09T01:08:19.2000000+00:00,00:00.6,[ORL] Team Rebound,-124,215,1,0,0,0,0,4,,1610612753,0,31,23,,1610612753,1400000,0,-8
103,1,142,2024-03-09T01:08:22.1000000+00:00,00:00.0,End Period,0,-80,0,0,0,0,0,13,,0,0,31,23,,1610612753,1410000,0,-8
104,2,146,2024-03-09T01:11:05.0000000+00:00,12:00,Start Period,0,-80,0,0,0,0,0,12,,0,0,31,23,,1610612752,1440000,0,-8
105,2,147,2024-03-09T01:11:19.1000000+00:00,11:45,[NYK 34-23] DiVincenzo 3pt Shot: Made (6 PTS) Assist: McBride (1 AST),-233,19,3,0,0,0,1,1,,1610612752,1628978,34,23,1630540,1610612752,1450000,3,-11
106,2,149,2024-03-09T01:11:46.7000000+00:00,11:17,[ORL] Anthony Pullup Jump shot: Missed,-23,94,2,0,0,0,79,2,,1610612753,1630175,34,23,,1610612753,1470000,0,-11
107,2,150,2024-03-09T01:11:48.7000000+00:00,11:15,[NYK] Sims Rebound (Off:1 Def:1),-23,94,0,0,0,0,0,4,,1610612752,1630579,34,23,,1610612753,1480000,0,-11
108,2,151,2024-03-09T01:12:08.1000000+00:00,10:56,[NYK 36-23] Hart Step Back Jump shot: Made (7 PTS),-7,117,2,0,0,0,80,1,,1610612752,1628404,36,23,,1610612752,1490000,2,-13
109,2,152,2024-03-09T01:12:23.8000000+00:00,10:43,Stoppage: Out-of-Bounds,0,-80,0,0,0,0,3,20,,0,0,36,23,,1610612753,1500000,0,-13
110,2,153,2024-03-09T01:12:43.7000000+00:00,10:36,[NYK] Sims Foul: Shooting (2 PF) (2 FTA) (M Davis),31,31,0,0,2,0,2,6,1629021,1610612752,1630579,36,23,1830,1610612753,1510000,0,-13
111,2,155,2024-03-09T01:13:09.5000000+00:00,10:36,[ORL 24-36] Wagner Free Throw 1 of 2 (1 PTS),0,-80,1,0,1,0,11,3,,1610612753,1629021,36,24,,1610612753,1530000,1,-12
112,2,156,2024-03-09T01:13:09.6000000+00:00,10:36,[NYK] Sims Substitution replaced by Hartenstein,0,-80,0,0,0,0,0,8,,1610612752,1630579,36,24,1628392,1610612753,1540000,0,-12
113,2,158,2024-03-09T01:13:31.0000000+00:00,10:36,[ORL 25-36] Wagner Free Throw 2 of 2 (2 PTS),0,-80,1,0,1,0,12,3,,1610612753,1629021,36,25,,1610612753,1560000,1,-11
114,2,159,2024-03-09T01:13:44.2000000+00:00,10:24,[NYK 39-25] Bogdanovic 3pt Shot: Made (5 PTS) Assist: DiVincenzo (3 AST),-163,194,3,0,0,0,1,1,,1610612752,202711,39,25,1628978,1610612752,1570000,3,-14
115,2,161,2024-03-09T01:14:02.6000000+00:00,10:05,[ORL 27-39] Isaac Pullup Jump shot: Made (6 PTS) Assist: Wagner (1 AST),125,156,2,0,0,0,79,1,,1610612753,1628371,39,27,1629021,1610612753,1590000,2,-12
116,2,163,2024-03-09T01:14:14.1000000+00:00,09:54,[NYK] DiVincenzo 3pt Shot: Missed,-197,166,3,0,0,0,1,2,,1610612752,1628978,39,27,,1610612752,1610000,0,-12
117,2,164,2024-03-09T01:14:16.1000000+00:00,09:52,[ORL] Isaac Rebound (Off:1 Def:1),-197,166,0,0,0,0,0,4,,1610612753,1628371,39,27,,1610612752,1620000,0,-12
118,2,165,2024-03-09T01:14:25.3000000+00:00,09:44,[NYK] McBride Foul: Shooting (1 PF) (2 FTA) (M Davis),9,107,0,0,2,0,2,6,1630175,1610612752,1630540,39,27,1830,1610612753,1630000,0,-12
119,2,167,2024-03-09T01:14:50.7000000+00:00,09:44,[ORL] Anthony Free Throw 1 of 2 Missed,0,-80,2,0,0,0,11,3,,1610612753,1630175,39,27,,1610612753,1650000,0,-12
120,2,168,2024-03-09T01:14:50.7000000+00:00,09:44,[ORL] Team Rebound,0,-80,1,0,0,0,1,4,,1610612753,0,39,27,,1610612753,1650001,0,-12
121,2,169,2024-03-09T01:14:50.8000000+00:00,09:44,[NYK] DiVincenzo Substitution replaced by Burks,0,-80,0,0,0,0,0,8,,1610612752,1628978,39,27,202692,1610612753,1670000,0,-12
122,2,171,2024-03-09T01:15:16.7000000+00:00,09:44,[ORL 28-39] Anthony Free Throw 2 of 2 (1 PTS),0,-80,1,0,1,0,12,3,,1610612753,1630175,39,28,,1610612753,1690000,1,-11
123,2,172,2024-03-09T01:15:43.6000000+00:00,09:22,[NYK] Bogdanovic Driving Layup Shot: Missed,-11,6,2,0,0,0,6,2,,1610612752,202711,39,28,,1610612752,1700000,0,-11
124,2,173,2024-03-09T01:15:44.6000000+00:00,09:21,[NYK] Team Rebound,-11,6,1,0,0,0,0,4,,1610612752,0,39,28,,1610612752,1710000,0,-11
125,2,174,2024-03-09T01:15:49.9000000+00:00,09:21,Stoppage: Out-of-Bounds,0,-80,0,0,0,0,3,20,,0,0,39,28,,1610612752,1720000,0,-11
126,2,175,2024-03-09T01:16:06.2000000+00:00,09:21,Timeout : Regular,0,-80,0,0,0,0,1,9,,1610612752,1610612752,39,28,,1610612752,1730000,0,-11
127,2,178,2024-03-09T01:16:13.4000000+00:00,09:21,[ORL] Ingles Substitution replaced by Wagner,0,-80,0,0,0,0,0,8,,1610612753,204060,39,28,1630532,1610612752,1740000,0,-11
128,2,177,2024-03-09T01:16:20.6000000+00:00,09:21,Instant Replay - Challenge - Overturn Ruling,0,-80,0,0,0,0,5,18,,1610612752,0,39,28,,1610612752,1750000,0,-11
129,2,180,2024-03-09T01:19:10.8000000+00:00,09:15,[NYK] Hartenstein Turnover : Bad Pass (1 TO) Steal:Anthony (1 ST),20,194,1,0,0,0,1,5,1630175,1610612752,1628392,39,28,,1610612752,1760000,0,-11
130,2,182,2024-03-09T01:19:16.2000000+00:00,09:13,[NYK] Hart Foul: Shooting (2 PF) (2 FTA) (N Green),-17,9,0,0,2,0,2,6,1630175,1610612752,1628404,39,28,1627524,1610612753,1780000,0,-11
131,2,184,2024-03-09T01:19:46.7000000+00:00,09:13,[ORL] Anthony Free Throw 1 of 2 Missed,0,-80,2,0,0,0,11,3,,1610612753,1630175,39,28,,1610612753,1800000,0,-11
132,2,185,2024-03-09T01:19:46.7000000+00:00,09:13,[ORL] Team Rebound,0,-80,1,0,0,0,1,4,,1610612753,0,39,28,,1610612753,1800001,0,-11
133,2,186,2024-03-09T01:20:03.5000000+00:00,09:13,[ORL 29-39] Anthony Free Throw 2 of 2 (2 PTS),0,-80,1,0,1,0,12,3,,1610612753,1630175,39,29,,1610612753,1820000,1,-10
134,2,187,2024-03-09T01:20:22.0000000+00:00,08:56,[NYK] Burks 3pt Shot: Missed,-34,258,3,0,0,0,79,2,,1610612752,202692,39,29,,1610612752,1830000,0,-10
135,2,188,2024-03-09T01:20:25.0000000+00:00,08:53,[ORL] Isaac Rebound (Off:1 Def:2),-34,258,0,0,0,0,0,4,,1610612753,1628371,39,29,,1610612752,1840000,0,-10
136,2,189,2024-03-09T01:20:43.0000000+00:00,08:35,[ORL 31-39] Wagner Driving Floating Jump Shot: Made (2 PTS),-51,144,2,0,0,0,101,1,,1610612753,1630532,39,31,,1610612753,1850000,2,-8
137,2,190,2024-03-09T01:20:53.8000000+00:00,08:24,[NYK] McBride Pullup Jump shot: Missed,-94,61,2,0,0,0,79,2,,1610612752,1630540,39,31,,1610612752,1860000,0,-8
138,2,191,2024-03-09T01:20:55.8000000+00:00,08:22,[ORL] Wagner Rebound (Off:0 Def:2),-94,61,0,0,0,0,0,4,,1610612753,1630532,39,31,,1610612752,1870000,0,-8
139,2,192,2024-03-09T01:21:02.9000000+00:00,08:15,[ORL] Isaac 3pt Shot: Missed,234,9,3,0,0,0,1,2,,1610612753,1628371,39,31,,1610612753,1880000,0,-8
140,2,193,2024-03-09T01:21:06.2000000+00:00,08:14,[NYK] Team Rebound,234,9,0,0,0,0,0,4,,1610612752,0,39,31,,1610612753,1890000,0,-8
141,2,194,2024-03-09T01:21:07.4000000+00:00,08:14,Stoppage: Out-of-Bounds,0,-80,0,0,0,0,3,20,,0,0,39,31,,1610612752,1900000,0,-8
142,2,195,2024-03-09T01:21:30.7000000+00:00,07:59,[ORL] Fultz Foul: Shooting (1 PF) (2 FTA) (N Green),21,90,0,0,2,0,2,6,202711,1610612753,1628365,39,31,1627524,1610612752,1910000,0,-8
143,2,197,2024-03-09T01:22:03.4000000+00:00,07:59,[NYK] Bogdanovic Free Throw 1 of 2 Missed,0,-80,2,0,0,0,11,3,,1610612752,202711,39,31,,1610612752,1930000,0,-8
144,2,198,2024-03-09T01:22:03.4000000+00:00,07:59,[NYK] Team Rebound,0,-80,1,0,0,0,1,4,,1610612752,0,39,31,,1610612752,1930001,0,-8
145,2,199,2024-03-09T01:22:03.5000000+00:00,07:59,[NYK] McBride Substitution replaced by Brunson,0,-80,0,0,0,0,0,8,,1610612752,1630540,39,31,1628973,1610612752,1950000,0,-8
146,2,200,2024-03-09T01:22:03.5000000+00:00,07:59,[ORL] Fultz Substitution replaced by Banchero,0,-80,0,0,0,0,0,8,,1610612753,1628365,39,31,1631094,1610612752,1960000,0,-8
147,2,203,2024-03-09T01:22:34.3000000+00:00,07:59,[NYK 40-31] Bogdanovic Free Throw 2 of 2 (6 PTS),0,-80,1,0,1,0,12,3,,1610612752,202711,40,31,,1610612752,1990000,1,-9
148,2,204,2024-03-09T01:22:54.9000000+00:00,07:43,[ORL] Anthony Turnover : Bad Pass (1 TO) Steal:Hartenstein (1 ST),-58,67,1,0,0,0,1,5,1628392,1610612753,1630175,40,31,,1610612753,2000000,0,-9
149,2,206,2024-03-09T01:23:00.6000000+00:00,07:37,[NYK] Bogdanovic 3pt Shot: Missed,228,115,3,1,0,0,2,2,,1610612752,202711,40,31,,1610612752,2020000,0,-9
150,2,207,2024-03-09T01:23:03.6000000+00:00,07:34,[ORL] Team Rebound,228,115,0,0,0,0,0,4,,1610612753,0,40,31,,1610612752,2030000,0,-9
151,2,208,2024-03-09T01:23:06.5000000+00:00,07:34,Stoppage: Out-of-Bounds,0,-80,0,0,0,0,3,20,,0,0,40,31,,1610612753,2040000,0,-9
152,2,209,2024-03-09T01:23:06.6000000+00:00,07:34,[NYK] Bogdanovic Substitution replaced by Achiuwa,0,-80,0,0,0,0,0,8,,1610612752,202711,40,31,1630173,1610612753,2050000,0,-9
153,2,211,2024-03-09T01:23:37.5000000+00:00,07:22,[ORL] Wagner Driving Floating Jump Shot: Missed,5,73,2,0,0,0,101,2,,1610612753,1630532,40,31,,1610612753,2070000,0,-9
154,2,212,2024-03-09T01:23:39.5000000+00:00,07:20,[NYK] Hart Rebound (Off:0 Def:1),5,73,0,0,0,0,0,4,,1610612752,1628404,40,31,,1610612753,2080000,0,-9
155,2,213,2024-03-09T01:23:59.4000000+00:00,07:00,[NYK] Burks Driving Layup Shot: Missed Block: Banchero (2 BLK),2,48,2,0,0,0,6,2,1631094,1610612752,202692,40,31,,1610612752,2090000,0,-9
156,2,215,2024-03-09T01:24:01.4000000+00:00,06:58,[ORL] Banchero Rebound (Off:0 Def:1),2,48,0,0,0,0,0,4,,1610612753,1631094,40,31,,1610612752,2110000,0,-9
157,2,216,2024-03-09T01:24:04.7000000+00:00,06:55,[ORL 33-40] Wagner Running Dunk Shot: Made (4 PTS) Assist: Anthony (1 AST),-4,0,2,1,0,0,50,1,,1610612753,1630532,40,33,1630175,1610612753,2120000,2,-7
158,2,218,2024-03-09T01:24:29.3000000+00:00,06:31,[NYK] Achiuwa Pullup Jump shot: Missed Block: Banchero (3 BLK),-28,104,2,0,0,0,79,2,1631094,1610612752,1630173,40,33,,1610612752,2140000,0,-7
159,2,220,2024-03-09T01:24:31.3000000+00:00,06:29,[ORL] Wagner Rebound (Off:0 Def:3),-28,104,0,0,0,0,0,4,,1610612753,1630532,40,33,,1610612752,2160000,0,-7
160,2,221,2024-03-09T01:24:36.1000000+00:00,06:27,[ORL] Banchero Foul: Offensive Charge (1 PF) (J Goble),22,57,0,0,0,0,26,6,1628973,1610612753,1631094,40,33,1627962,1610612753,2170000,0,-7
161,2,223,2024-03-09T01:24:36.1000000+00:00,06:27,[ORL] Banchero Turnover : Offensive Foul Turnover (1 TO),22,57,0,0,0,0,37,5,,1610612753,1631094,40,33,1627962,1610612753,2190000,0,-7
162,2,224,2024-03-09T01:24:36.2000000+00:00,06:27,[ORL] Wagner Substitution replaced by Carter Jr.,0,-80,0,0,0,0,0,8,,1610612753,1629021,40,33,1628976,1610612752,2200000,0,-7
163,2,226,2024-03-09T01:25:16.2000000+00:00,06:08,[NYK] Hartenstein Driving Dunk Shot: Missed Block: Isaac (1 BLK),-1,5,2,0,0,0,9,2,1628371,1610612752,1628392,40,33,,1610612752,2220000,0,-7
164,2,228,2024-03-09T01:25:18.2000000+00:00,06:06,[NYK] Achiuwa Rebound (Off:1 Def:4),-1,5,1,0,0,0,0,4,,1610612752,1630173,40,33,,1610612752,2240000,0,-7
165,2,229,2024-03-09T01:25:21.6000000+00:00,06:03,[NYK 42-33] Achiuwa Putback Layup Shot: Made (4 PTS),-12,0,2,0,0,0,72,1,,1610612752,1630173,42,33,,1610612752,2250000,2,-9
166,2,230,2024-03-09T01:25:31.7000000+00:00,05:53,[ORL] Carter Jr. 3pt Shot: Missed,-228,-13,3,0,0,0,1,2,,1610612753,1628976,42,33,,1610612753,2260000,0,-9
167,2,231,2024-03-09T01:25:33.7000000+00:00,05:51,[ORL] Isaac Rebound (Off:2 Def:2),-228,-13,1,0,0,0,0,4,,1610612753,1628371,42,33,,1610612753,2270000,0,-9
168,2,232,2024-03-09T01:25:35.7000000+00:00,05:49,[ORL 35-42] Isaac Putback Dunk Shot: Made (8 PTS),1,5,2,0,0,0,87,1,,1610612753,1628371,42,35,,1610612753,2280000,2,-7
169,2,233,2024-03-09T01:25:53.7000000+00:00,05:31,[NYK] Hart 3pt Shot: Missed,62,248,3,0,0,0,1,2,,1610612752,1628404,42,35,,1610612752,2290000,0,-7
170,2,234,2024-03-09T01:25:55.7000000+00:00,05:29,[ORL] Wagner Rebound (Off:0 Def:4),62,248,0,0,0,0,0,4,,1610612753,1630532,42,35,,1610612752,2300000,0,-7
171,2,235,2024-03-09T01:26:01.0000000+00:00,05:23,[ORL] Wagner Running Layup Shot: Missed Block: Achiuwa (3 BLK),1,8,2,1,0,0,41,2,1630173,1610612753,1630532,42,35,,1610612753,2310000,0,-7
172,2,237,2024-03-09T01:26:03.0000000+00:00,05:21,[ORL] Carter Jr. Rebound (Off:3 Def:2),1,8,1,0,0,0,0,4,,1610612753,1628976,42,35,,1610612753,2330000,0,-7
173,2,238,2024-03-09T01:26:07.7000000+00:00,05:17,[ORL] Carter Jr. 3pt Shot: Missed,-224,-11,3,0,0,0,1,2,,1610612753,1628976,42,35,,1610612753,2340000,0,-7
174,2,239,2024-03-09T01:26:09.7000000+00:00,05:15,[NYK] Achiuwa Rebound (Off:1 Def:5),-224,-11,0,0,0,0,0,4,,1610612752,1630173,42,35,,1610612753,2350000,0,-7
175,2,240,2024-03-09T01:26:22.8000000+00:00,05:02,[NYK 44-35] Brunson Driving Floating Jump Shot: Made (12 PTS) Assist: Achiuwa (1 AST),-85,75,2,0,0,0,101,1,,1610612752,1628973,44,35,1630173,1610612752,2360000,2,-9
176,2,241,2024-03-09T01:26:42.8000000+00:00,04:44,[ORL] Carter Jr. Foul: Offensive (2 PF) (M Davis),69,229,0,0,0,0,4,6,1630173,1610612753,1628976,44,35,1830,1610612753,2370000,0,-9
177,2,243,2024-03-09T01:26:42.8000000+00:00,04:44,[ORL] Carter Jr. Turnover : Offensive Foul Turnover (2 TO),69,229,0,0,0,0,37,5,,1610612753,1628976,44,35,1830,1610612753,2390000,0,-9
178,2,244,2024-03-09T01:26:42.9000000+00:00,04:44,[NYK] Burks Substitution replaced by DiVincenzo,0,-80,0,0,0,0,0,8,,1610612752,202692,44,35,1628978,1610612752,2400000,0,-9
179,2,245,2024-03-09T01:26:42.9000000+00:00,04:44,[ORL] Isaac Substitution replaced by Harris,0,-80,0,0,0,0,0,8,,1610612753,1628371,44,35,203914,1610612752,2410000,0,-9
180,2,246,2024-03-09T01:26:42.9000000+00:00,04:44,[ORL] Anthony Substitution replaced by Black,0,-80,0,0,0,0,0,8,,1610612753,1630175,44,35,1641710,1610612752,2420000,0,-9
181,2,250,2024-03-09T01:27:25.6000000+00:00,04:18,[NYK] Brunson Driving Floating Jump Shot: Missed,-140,27,2,0,0,0,101,2,,1610612752,1628973,44,35,,1610612752,2460000,0,-9
182,2,251,2024-03-09T01:27:27.6000000+00:00,04:16,[ORL] Banchero Rebound (Off:0 Def:2),-140,27,0,0,0,0,0,4,,1610612753,1631094,44,35,,1610612752,2470000,0,-9
183,2,252,2024-03-09T01:27:33.7000000+00:00,04:09,[ORL 37-44] Banchero Running Jump Shot: Made (14 PTS),-99,80,2,1,0,0,2,1,,1610612753,1631094,44,37,,1610612753,2480000,2,-7
184,2,253,2024-03-09T01:27:46.6000000+00:00,03:57,[NYK 46-37] Hart Layup Shot: Made (9 PTS),23,8,2,0,0,0,5,1,,1610612752,1628404,46,37,,1610612752,2490000,2,-9
185,2,254,2024-03-09T01:28:08.6000000+00:00,03:35,[ORL 39-46] Wagner Driving Layup Shot: Made (6 PTS),10,5,2,0,0,0,6,1,,1610612753,1630532,46,39,,1610612753,2500000,2,-7
186,2,255,2024-03-09T01:28:27.1000000+00:00,03:16,[NYK 49-39] Brunson 3pt Shot: Made (15 PTS),159,188,3,0,0,0,79,1,,1610612752,1628973,49,39,,1610612752,2510000,3,-10
187,2,256,2024-03-09T01:28:37.6000000+00:00,03:05,[ORL] Wagner 3pt Shot: Missed,-118,246,3,0,0,0,79,2,,1610612753,1630532,49,39,,1610612753,2520000,0,-10
188,2,257,2024-03-09T01:28:39.6000000+00:00,03:03,[NYK] Hartenstein Rebound (Off:1 Def:4),-118,246,0,0,0,0,0,4,,1610612752,1628392,49,39,,1610612753,2530000,0,-10
189,2,258,2024-03-09T01:29:01.3000000+00:00,02:42,[NYK] DiVincenzo 3pt Shot: Missed,-229,10,3,0,0,0,1,2,,1610612752,1628978,49,39,,1610612752,2540000,0,-10
190,2,259,2024-03-09T01:29:03.3000000+00:00,02:40,[ORL] Banchero Rebound (Off:0 Def:3),-229,10,0,0,0,0,0,4,,1610612753,1631094,49,39,,1610612752,2550000,0,-10
191,2,260,2024-03-09T01:29:14.6000000+00:00,02:28,[ORL] Banchero Pullup Jump shot: Missed,25,150,2,0,0,0,79,2,,1610612753,1631094,49,39,,1610612753,2560000,0,-10
192,2,261,2024-03-09T01:29:16.6000000+00:00,02:26,[NYK] Hart Rebound (Off:0 Def:2),25,150,0,0,0,0,0,4,,1610612752,1628404,49,39,,1610612753,2570000,0,-10
193,2,262,2024-03-09T01:29:22.8000000+00:00,02:21,[NYK 51-39] Hart Running Layup Shot: Made (11 PTS),-13,5,2,1,0,0,41,1,,1610612752,1628404,51,39,,1610612752,2580000,2,-12
194,2,263,2024-03-09T01:29:26.5000000+00:00,02:20,Timeout : Regular,0,-80,0,0,0,0,1,9,,1610612753,1610612753,51,39,,1610612753,2590000,0,-12
195,2,264,2024-03-09T01:29:26.6000000+00:00,02:20,[NYK] Hartenstein Substitution replaced by Sims,0,-80,0,0,0,0,0,8,,1610612752,1628392,51,39,1630579,1610612753,2600000,0,-12
196,2,265,2024-03-09T01:29:26.6000000+00:00,02:20,[ORL] Carter Jr. Substitution replaced by Bitadze,0,-80,0,0,0,0,0,8,,1610612753,1628976,51,39,1629048,1610612753,2610000,0,-12
197,2,268,2024-03-09T01:32:47.3000000+00:00,02:05,[ORL] Harris 3pt Shot: Missed,-174,173,3,0,0,0,1,2,,1610612753,203914,51,39,,1610612753,2640000,0,-12
198,2,269,2024-03-09T01:32:49.3000000+00:00,02:03,[NYK] DiVincenzo Rebound (Off:0 Def:2),-174,173,0,0,0,0,0,4,,1610612752,1628978,51,39,,1610612753,2650000,0,-12
199,2,270,2024-03-09T01:32:53.5000000+00:00,01:58,[NYK] Brunson 3pt Shot: Missed,-179,188,3,1,0,0,103,2,,1610612752,1628973,51,39,,1610612752,2660000,0,-12
200,2,271,2024-03-09T01:32:54.5000000+00:00,01:57,[ORL] Team Rebound,-179,188,0,0,0,0,0,4,,1610612753,0,51,39,,1610612752,2670000,0,-12
201,2,272,2024-03-09T01:33:03.0000000+00:00,01:56,Stoppage: Out-of-Bounds,0,-80,0,0,0,0,3,20,,0,0,51,39,,1610612753,2680000,0,-12
202,2,273,2024-03-09T01:33:11.6000000+00:00,01:48,[ORL] Banchero Driving Layup Shot: Missed Block: Achiuwa (4 BLK),-10,8,2,0,0,0,6,2,1630173,1610612753,1631094,51,39,,1610612753,2690000,0,-12
203,2,275,2024-03-09T01:33:12.6000000+00:00,01:47,[ORL] Team Rebound,-10,8,1,0,0,0,0,4,,1610612753,0,51,39,,1610612753,2710000,0,-12
204,2,276,2024-03-09T01:33:18.1000000+00:00,01:47,Stoppage: Out-of-Bounds,0,-80,0,0,0,0,3,20,,0,0,51,39,,1610612753,2720000,0,-12
205,2,277,2024-03-09T01:33:40.1000000+00:00,01:38,[ORL] Banchero Turnover : Traveling (2 TO),31,254,0,0,0,0,4,5,,1610612753,1631094,51,39,1627524,1610612753,2730000,0,-12
206,2,278,2024-03-09T01:34:19.8000000+00:00,01:16,[NYK] DiVincenzo Turnover : Traveling (2 TO),-50,252,0,0,0,0,4,5,,1610612752,1628978,51,39,1830,1610612752,2740000,0,-12
207,2,279,2024-03-09T01:34:46.3000000+00:00,01:01,[ORL] Banchero Turnaround Fadeaway shot: Missed,94,77,2,0,0,0,86,2,,1610612753,1631094,51,39,,1610612753,2750000,0,-12
208,2,280,2024-03-09T01:34:48.6000000+00:00,00:58.7,[NYK] Brunson Rebound (Off:0 Def:1),94,77,0,0,0,0,0,4,,1610612752,1628973,51,39,,1610612753,2760000,0,-12
209,2,281,2024-03-09T01:34:57.6000000+00:00,00:50.0,[NYK 53-39] Brunson Driving Floating Jump Shot: Made (17 PTS),-34,59,2,0,0,0,101,1,,1610612752,1628973,53,39,,1610612752,2770000,2,-14
210,2,282,2024-03-09T01:35:24.3000000+00:00,00:27.8,[ORL] Black 3pt Shot: Missed,-162,187,3,0,0,0,1,2,,1610612753,1641710,53,39,,1610612753,2780000,0,-14
211,2,283,2024-03-09T01:35:26.0000000+00:00,00:26.1,[NYK] Hart Rebound (Off:0 Def:3),-162,187,0,0,0,0,0,4,,1610612752,1628404,53,39,,1610612753,2790000,0,-14
212,2,284,2024-03-09T01:35:37.8000000+00:00,00:14.5,[NYK 55-39] Achiuwa Driving Layup Shot: Made (6 PTS) Assist: Hart (3 AST),0,12,2,0,0,0,6,1,,1610612752,1630173,55,39,1628404,1610612752,2800000,2,-16
213,2,286,2024-03-09T01:35:56.5000000+00:00,00:00.0,[ORL] Banchero Turnover : Lost Ball (3 TO) Steal:Achiuwa (1 ST),62,33,1,0,0,0,2,5,1630173,1610612753,1631094,55,39,,1610612753,2820000,0,-16
214,2,288,2024-03-09T01:36:02.1000000+00:00,00:00.0,End Period,0,-80,0,0,0,0,0,13,,0,0,55,39,,1610612752,2840000,0,-16
215,3,294,2024-03-09T01:51:57.8000000+00:00,12:00,Start Period,0,-80,0,0,0,0,0,12,,0,0,55,39,,1610612752,2890000,0,-16
216,3,295,2024-03-09T01:52:17.3000000+00:00,11:42,[NYK] DiVincenzo Turnover : Out of Bounds Lost Ball Turnover (3 TO),145,215,0,0,0,0,40,5,,1610612752,1628978,55,39,1830,1610612752,2900000,0,-16
217,3,296,2024-03-09T01:52:38.4000000+00:00,11:30,[ORL] Harris Turnover : Bad Pass (1 TO) Steal:DiVincenzo (1 ST),-94,67,1,0,0,0,1,5,1628978,1610612753,203914,55,39,,1610612753,2910000,0,-16
218,3,298,2024-03-09T01:52:51.4000000+00:00,11:21,[NYK] Hartenstein Foul: Offensive (2 PF) (N Green),-77,239,0,0,0,0,4,6,1641710,1610612752,1628392,55,39,1627524,1610612752,2930000,0,-16
219,3,300,2024-03-09T01:52:51.4000000+00:00,11:21,[NYK] Hartenstein Turnover : Offensive Foul Turnover (2 TO),-77,239,0,0,0,0,37,5,,1610612752,1628392,55,39,1627524,1610612752,2950000,0,-16
220,3,301,2024-03-09T01:53:18.4000000+00:00,11:02,[ORL] Black Turnover : Bad Pass (1 TO) Steal:DiVincenzo (2 ST),-39,85,1,0,0,0,1,5,1628978,1610612753,1641710,55,39,,1610612753,2960000,0,-16
221,3,303,2024-03-09T01:53:27.7000000+00:00,10:58,[NYK] DiVincenzo Turnover : Out of Bounds - Bad Pass Turnover (4 TO),-127,514,0,0,0,0,45,5,,1610612752,1628978,55,39,1627524,1610612752,2980000,0,-16
222,3,304,2024-03-09T01:53:42.7000000+00:00,10:44,[ORL] Black 3pt Shot: Missed,223,-11,3,0,0,0,1,2,,1610612753,1641710,55,39,,1610612753,2990000,0,-16
223,3,305,2024-03-09T01:53:44.7000000+00:00,10:42,[NYK] Brunson Rebound (Off:0 Def:2),223,-11,0,0,0,0,0,4,,1610612752,1628973,55,39,,1610612753,3000000,0,-16
224,3,306,2024-03-09T01:53:54.7000000+00:00,10:31,[NYK] Brunson Driving Layup Shot: Missed,-2,20,2,0,0,0,6,2,,1610612752,1628973,55,39,,1610612752,3010000,0,-16
225,3,307,2024-03-09T01:53:56.7000000+00:00,10:29,[ORL] Banchero Rebound (Off:0 Def:4),-2,20,0,0,0,0,0,4,,1610612753,1631094,55,39,,1610612752,3020000,0,-16
226,3,308,2024-03-09T01:54:01.2000000+00:00,10:26,[ORL] Banchero Running Layup Shot: Missed,-21,8,2,1,0,0,41,2,,1610612753,1631094,55,39,,1610612753,3030000,0,-16
227,3,309,2024-03-09T01:54:02.2000000+00:00,10:25,[NYK] Team Rebound,-21,8,0,0,0,0,0,4,,1610612752,0,55,39,,1610612753,3040000,0,-16
228,3,310,2024-03-09T01:54:05.7000000+00:00,10:25,Stoppage: Out-of-Bounds,0,-80,0,0,0,0,3,20,,0,0,55,39,,1610612752,3050000,0,-16
229,3,311,2024-03-09T01:54:31.4000000+00:00,10:02,[NYK] Achiuwa Layup Shot: Missed Block: Banchero (4 BLK),-21,8,2,0,0,0,5,2,1631094,1610612752,1630173,55,39,,1610612752,3060000,0,-16
230,3,313,2024-03-09T01:54:33.4000000+00:00,10:00,[ORL] Black Rebound (Off:0 Def:2),-21,8,0,0,0,0,0,4,,1610612753,1641710,55,39,,1610612752,3080000,0,-16
231,3,314,2024-03-09T01:54:41.6000000+00:00,09:55,[NYK] Achiuwa Foul: Shooting (2 PF) (2 FTA) (N Green),-23,38,0,0,2,0,2,6,1631094,1610612752,1630173,55,39,1627524,1610612753,3090000,0,-16
232,3,316,2024-03-09T01:55:08.7000000+00:00,09:55,[ORL] Banchero Free Throw 1 of 2 Missed,0,-80,2,0,0,0,11,3,,1610612753,1631094,55,39,,1610612753,3110000,0,-16
233,3,317,2024-03-09T01:55:08.7000000+00:00,09:55,[ORL] Team Rebound,0,-80,1,0,0,0,1,4,,1610612753,0,55,39,,1610612753,3110001,0,-16
234,3,318,2024-03-09T01:55:29.4000000+00:00,09:55,[ORL 40-55] Banchero Free Throw 2 of 2 (15 PTS),0,-80,1,0,1,0,12,3,,1610612753,1631094,55,40,,1610612753,3130000,1,-15
235,3,319,2024-03-09T01:55:47.8000000+00:00,09:38,[NYK 57-40] Achiuwa Cutting Finger Roll Layup Shot: Made (8 PTS) Assist: Brunson (1 AST),-4,4,2,0,0,0,99,1,,1610612752,1630173,57,40,1628973,1610612752,3140000,2,-17
236,3,321,2024-03-09T01:56:09.4000000+00:00,09:16,[ORL] Banchero Driving Dunk Shot: Missed Block: Hartenstein (3 BLK),-17,6,2,0,0,0,9,2,1628392,1610612753,1631094,57,40,,1610612753,3160000,0,-17
237,3,323,2024-03-09T01:56:10.4000000+00:00,09:15,[NYK] Achiuwa Rebound (Off:1 Def:6),-17,6,0,0,0,0,0,4,,1610612752,1630173,57,40,,1610612753,3180000,0,-17
238,3,324,2024-03-09T01:56:20.3000000+00:00,09:14,Stoppage: Out-of-Bounds,0,-80,0,0,0,0,3,20,,0,0,57,40,,1610612752,3190000,0,-17
239,3,325,2024-03-09T01:56:34.9000000+00:00,08:58,[NYK] Hart Turnover : Out of Bounds - Bad Pass Turnover (1 TO),15,150,0,0,0,0,45,5,,1610612752,1628404,57,40,1627962,1610612752,3200000,0,-17
240,3,326,2024-03-09T01:56:57.8000000+00:00,08:44,[ORL 42-57] Wagner Driving Layup Shot: Made (8 PTS),-15,48,2,0,0,0,6,1,,1610612753,1630532,57,42,,1610612753,3210000,2,-15
241,3,327,2024-03-09T01:57:00.9000000+00:00,08:44,[NYK] Hartenstein Foul: Shooting (3 PF) (1 FTA) (M Davis),-15,48,0,0,1,0,2,6,1630532,1610612752,1628392,57,42,1830,1610612753,3220000,0,-15
242,3,329,2024-03-09T01:57:37.2000000+00:00,08:44,[ORL 43-57] Wagner Free Throw 1 of 1 (9 PTS),0,-80,1,0,1,0,10,3,,1610612753,1630532,57,43,,1610612753,3240000,1,-14
243,3,330,2024-03-09T01:58:04.5000000+00:00,08:22,[NYK 60-43] Achiuwa 3pt Shot: Made (11 PTS) Assist: Hartenstein (2 AST),176,171,3,0,0,0,1,1,,1610612752,1630173,60,43,1628392,1610612752,3250000,3,-17
244,3,332,2024-03-09T01:58:22.4000000+00:00,08:04,[ORL] Black Driving Layup Shot: Missed,9,5,2,0,0,0,6,2,,1610612753,1641710,60,43,,1610612753,3270000,0,-17
245,3,333,2024-03-09T01:58:24.4000000+00:00,08:02,[ORL] Carter Jr. Rebound (Off:4 Def:2),9,5,1,0,0,0,0,4,,1610612753,1628976,60,43,,1610612753,3280000,0,-17
246,3,334,2024-03-09T01:58:25.8000000+00:00,08:02,[ORL] Carter Jr. Tip Layup Shot: Missed,0,0,2,0,0,0,97,2,,1610612753,1628976,60,43,,1610612753,3290000,0,-17
247,3,335,2024-03-09T01:58:27.8000000+00:00,08:00,[ORL] Carter Jr. Rebound (Off:5 Def:2),0,0,1,0,0,0,0,4,,1610612753,1628976,60,43,,1610612753,3300000,0,-17
248,3,336,2024-03-09T01:58:30.6000000+00:00,07:56,[ORL] Banchero 3pt Shot: Missed,-26,250,3,0,0,0,79,2,,1610612753,1631094,60,43,,1610612753,3310000,0,-17
249,3,337,2024-03-09T01:58:32.6000000+00:00,07:54,[ORL] Banchero Rebound (Off:1 Def:4),-26,250,1,0,0,0,0,4,,1610612753,1631094,60,43,,1610612753,3320000,0,-17
250,3,338,2024-03-09T01:58:37.2000000+00:00,07:49,[ORL 45-60] Banchero Driving Dunk Shot: Made (17 PTS),-13,4,2,0,0,0,9,1,,1610612753,1631094,60,45,,1610612753,3330000,2,-15
251,3,339,2024-03-09T01:58:59.5000000+00:00,07:26,[NYK] Brunson 3pt Shot: Missed,85,239,3,0,0,0,79,2,,1610612752,1628973,60,45,,1610612752,3340000,0,-15
252,3,340,2024-03-09T01:59:01.5000000+00:00,07:24,[NYK] Hartenstein Rebound (Off:2 Def:4),85,239,1,0,0,0,0,4,,1610612752,1628392,60,45,,1610612752,3350000,0,-15
253,3,341,2024-03-09T01:59:03.8000000+00:00,07:24,[NYK 62-45] Hartenstein Tip Layup Shot: Made (5 PTS),0,0,2,0,0,0,97,1,,1610612752,1628392,62,45,,1610612752,3360000,2,-17
254,3,342,2024-03-09T01:59:33.0000000+00:00,06:54,[ORL] Wagner Pullup Jump shot: Missed,-151,162,2,0,0,0,79,2,,1610612753,1630532,62,45,,1610612753,3370000,0,-17
255,3,343,2024-03-09T01:59:34.8000000+00:00,06:52,[NYK] Brunson Rebound (Off:0 Def:3),-151,162,0,0,0,0,0,4,,1610612752,1628973,62,45,,1610612753,3380000,0,-17
256,3,344,2024-03-09T01:59:51.9000000+00:00,06:37,[ORL] Black Foul: Personal (2 PF) (N Green),21,250,0,0,0,0,1,6,1628973,1610612753,1641710,62,45,1627524,1610612752,3390000,0,-17
257,3,346,2024-03-09T02:00:00.8000000+00:00,06:37,Timeout : Regular,0,-80,0,0,0,0,1,9,,1610612752,1610612752,62,45,,1610612752,3410000,0,-17
258,3,347,2024-03-09T02:00:00.9000000+00:00,06:37,[NYK] Hartenstein Substitution replaced by Sims,0,-80,0,0,0,0,0,8,,1610612752,1628392,62,45,1630579,1610612752,3420000,0,-17
259,3,348,2024-03-09T02:00:00.9000000+00:00,06:37,[ORL] Black Substitution replaced by Anthony,0,-80,0,0,0,0,0,8,,1610612753,1641710,62,45,1630175,1610612752,3430000,0,-17
260,3,351,2024-03-09T02:03:08.4000000+00:00,06:30,[NYK 65-45] Hart 3pt Shot: Made (14 PTS) Assist: Brunson (2 AST),-225,23,3,0,0,0,1,1,,1610612752,1628404,65,45,1628973,1610612752,3460000,3,-20
261,3,353,2024-03-09T02:03:27.4000000+00:00,06:12,[ORL 47-65] Harris Driving Layup Shot: Made (2 PTS) Assist: Carter Jr. (2 AST),-22,-1,2,0,0,0,6,1,,1610612753,203914,65,47,1628976,1610612753,3480000,2,-18
262,3,355,2024-03-09T02:03:51.5000000+00:00,05:47,[NYK 67-47] Brunson Pullup Jump shot: Made (19 PTS) Assist: DiVincenzo (4 AST),18,76,2,0,0,0,79,1,,1610612752,1628973,67,47,1628978,1610612752,3500000,2,-20
263,3,357,2024-03-09T02:04:09.6000000+00:00,05:29,[ORL] Wagner 3pt Shot: Missed,-230,-10,3,0,0,0,1,2,,1610612753,1630532,67,47,,1610612753,3520000,0,-20
264,3,358,2024-03-09T02:04:11.6000000+00:00,05:27,[NYK] Achiuwa Rebound (Off:1 Def:7),-230,-10,0,0,0,0,0,4,,1610612752,1630173,67,47,,1610612753,3530000,0,-20
265,3,359,2024-03-09T02:04:21.5000000+00:00,05:17,[NYK 69-47] Brunson Driving Layup Shot: Made (21 PTS),-7,15,2,0,0,0,6,1,,1610612752,1628973,69,47,,1610612752,3540000,2,-22
266,3,360,2024-03-09T02:04:36.9000000+00:00,05:00,[ORL 49-69] Wagner Reverse Layup Shot: Made (11 PTS) Assist: Anthony (2 AST),7,5,2,0,0,0,44,1,,1610612753,1630532,69,49,1630175,1610612753,3550000,2,-20
267,3,362,2024-03-09T02:05:11.8000000+00:00,04:30,[NYK] Brunson Driving Floating Jump Shot: Missed,83,97,2,0,0,0,101,2,,1610612752,1628973,69,49,,1610612752,3570000,0,-20
268,3,363,2024-03-09T02:05:13.8000000+00:00,04:28,[NYK] Sims Rebound (Off:2 Def:1),83,97,1,0,0,0,0,4,,1610612752,1630579,69,49,,1610612752,3580000,0,-20
269,3,364,2024-03-09T02:05:16.3000000+00:00,04:24,[NYK 71-49] Sims Tip Dunk Shot: Made (2 PTS),0,0,2,0,0,0,107,1,,1610612752,1630579,71,49,,1610612752,3590000,2,-22
270,3,365,2024-03-09T02:05:30.2000000+00:00,04:08,[ORL 52-71] Harris 3pt Shot: Made (5 PTS) Assist: Anthony (3 AST),237,12,3,0,0,0,1,1,,1610612753,203914,71,52,1630175,1610612753,3600000,3,-19
271,3,367,2024-03-09T02:05:56.1000000+00:00,03:42,[NYK] Achiuwa Hook Shot: Missed,13,87,2,0,0,0,3,2,,1610612752,1630173,71,52,,1610612752,3620000,0,-19
272,3,368,2024-03-09T02:05:57.1000000+00:00,03:41,[NYK] Achiuwa Rebound (Off:2 Def:7),13,87,1,0,0,0,0,4,,1610612752,1630173,71,52,,1610612752,3630000,0,-19
273,3,369,2024-03-09T02:05:58.5000000+00:00,03:40,[NYK] Achiuwa Putback Layup Shot: Missed,-6,3,2,0,0,0,72,2,,1610612752,1630173,71,52,,1610612752,3640000,0,-19
274,3,370,2024-03-09T02:06:01.0000000+00:00,03:38,[NYK] Achiuwa Rebound (Off:3 Def:7),-6,3,1,0,0,0,0,4,,1610612752,1630173,71,52,,1610612752,3650000,0,-19
275,3,371,2024-03-09T02:06:03.7000000+00:00,03:35,[NYK 74-52] DiVincenzo 3pt Shot: Made (9 PTS) Assist: Achiuwa (2 AST),-72,234,3,0,0,0,1,1,,1610612752,1628978,74,52,1630173,1610612752,3660000,3,-22
276,3,373,2024-03-09T02:06:08.4000000+00:00,03:34,Timeout : Regular,0,-80,0,0,0,0,1,9,,1610612753,1610612753,74,52,,1610612753,3680000,0,-22
277,3,374,2024-03-09T02:06:08.5000000+00:00,03:34,[NYK] Brunson Substitution replaced by McBride,0,-80,0,0,0,0,0,8,,1610612752,1628973,74,52,1630540,1610612753,3690000,0,-22
278,3,376,2024-03-09T02:09:31.6000000+00:00,03:11,[ORL] Carter Jr. Layup Shot: Missed,9,3,2,0,0,0,5,2,,1610612753,1628976,74,52,,1610612753,3710000,0,-22
279,3,377,2024-03-09T02:09:35.6000000+00:00,03:07,[ORL] Carter Jr. Rebound (Off:6 Def:2),9,3,1,0,0,0,0,4,,1610612753,1628976,74,52,,1610612753,3720000,0,-22
280,3,378,2024-03-09T02:09:39.0000000+00:00,03:03,[ORL] Carter Jr. Turnover : Lost Ball (3 TO) Steal:Achiuwa (2 ST),-9,30,1,0,0,0,2,5,1630173,1610612753,1628976,74,52,,1610612753,3730000,0,-22
281,3,380,2024-03-09T02:09:45.5000000+00:00,02:57,[NYK] Hart Turnover : Bad Pass (2 TO) Steal:Wagner (1 ST),-1,38,1,0,0,0,1,5,1630532,1610612752,1628404,74,52,,1610612752,3750000,0,-22
282,3,382,2024-03-09T02:09:52.9000000+00:00,02:50,[ORL] Harris 3pt Shot: Missed,-174,187,3,1,0,0,103,2,,1610612753,203914,74,52,,1610612753,3770000,0,-22
283,3,383,2024-03-09T02:09:54.9000000+00:00,02:48,[ORL] Carter Jr. Rebound (Off:7 Def:2),-174,187,1,0,0,0,0,4,,1610612753,1628976,74,52,,1610612753,3780000,0,-22
284,3,384,2024-03-09T02:09:58.5000000+00:00,02:47,[NYK] McBride Foul: Personal (2 PF) (J Goble),45,24,0,0,0,0,1,6,1628976,1610612752,1630540,74,52,1627962,1610612753,3790000,0,-22
285,3,386,2024-03-09T02:09:58.6000000+00:00,02:47,[ORL] Harris Substitution replaced by Ingles,0,-80,0,0,0,0,0,8,,1610612753,203914,74,52,204060,1610612753,3810000,0,-22
286,3,388,2024-03-09T02:10:31.2000000+00:00,02:36,[ORL] Banchero Turnover : Bad Pass (4 TO) Steal:McBride (1 ST),-185,105,1,0,0,0,1,5,1630540,1610612753,1631094,74,52,,1610612753,3830000,0,-22
287,3,390,2024-03-09T02:10:47.9000000+00:00,02:19,[NYK] Hart 3pt Shot: Missed,157,218,3,0,0,0,1,2,,1610612752,1628404,74,52,,1610612752,3850000,0,-22
288,3,391,2024-03-09T02:10:49.9000000+00:00,02:17,[ORL] Banchero Rebound (Off:1 Def:5),157,218,0,0,0,0,0,4,,1610612753,1631094,74,52,,1610612752,3860000,0,-22
289,3,392,2024-03-09T02:10:57.2000000+00:00,02:10,[ORL] Banchero Driving Hook Shot: Missed,1,68,2,0,0,0,57,2,,1610612753,1631094,74,52,,1610612753,3870000,0,-22
290,3,393,2024-03-09T02:10:59.2000000+00:00,02:08,[NYK] Sims Rebound (Off:2 Def:2),1,68,0,0,0,0,0,4,,1610612752,1630579,74,52,,1610612753,3880000,0,-22
291,3,394,2024-03-09T02:11:07.1000000+00:00,02:02,[NYK 77-52] McBride 3pt Shot: Made (9 PTS) Assist: DiVincenzo (5 AST),-233,-3,3,0,0,0,80,1,,1610612752,1630540,77,52,1628978,1610612752,3890000,3,-25
292,3,396,2024-03-09T02:11:10.0000000+00:00,02:02,[ORL] Banchero Foul: Shooting (2 PF) (1 FTA) (J Goble),-233,-3,0,0,1,0,2,6,1630540,1610612753,1631094,77,52,1627962,1610612752,3910000,0,-25
293,3,398,2024-03-09T02:11:10.0000000+00:00,02:02,[ORL] Carter Jr. Substitution replaced by Wagner,0,-80,0,0,0,0,0,8,,1610612753,1628976,77,52,1629021,1610612752,3930000,0,-25
294,3,400,2024-03-09T02:11:10.0000000+00:00,02:02,[NYK] Hart Substitution replaced by Bogdanovic,0,-80,0,0,0,0,0,8,,1610612752,1628404,77,52,202711,1610612752,3950000,0,-25
295,3,402,2024-03-09T02:11:49.8000000+00:00,02:02,[NYK 78-52] McBride Free Throw 1 of 1 (10 PTS),0,-80,1,0,1,0,10,3,,1610612752,1630540,78,52,,1610612752,3970000,1,-26
296,3,403,2024-03-09T02:12:04.5000000+00:00,01:50,[ORL] Wagner Driving Floating Jump Shot: Missed,74,56,2,0,0,0,101,2,,1610612753,1630532,78,52,,1610612753,3980000,0,-26
297,3,404,2024-03-09T02:12:06.5000000+00:00,01:48,[NYK] Achiuwa Rebound (Off:3 Def:8),74,56,0,0,0,0,0,4,,1610612752,1630173,78,52,,1610612753,3990000,0,-26
298,3,405,2024-03-09T02:12:19.8000000+00:00,01:35,[NYK] DiVincenzo 3pt Shot: Missed,119,256,3,0,0,0,1,2,,1610612752,1628978,78,52,,1610612752,4000000,0,-26
299,3,406,2024-03-09T02:12:21.8000000+00:00,01:33,[NYK] McBride Rebound (Off:1 Def:1),119,256,1,0,0,0,0,4,,1610612752,1630540,78,52,,1610612752,4010000,0,-26
300,3,407,2024-03-09T02:12:34.7000000+00:00,01:21,[NYK] McBride Pullup Jump shot: Missed,-4,122,2,0,0,0,79,2,,1610612752,1630540,78,52,,1610612752,4020000,0,-26
301,3,408,2024-03-09T02:12:36.7000000+00:00,01:19,[ORL] Banchero Rebound (Off:1 Def:6),-4,122,0,0,0,0,0,4,,1610612753,1631094,78,52,,1610612752,4030000,0,-26
302,3,409,2024-03-09T02:12:51.1000000+00:00,01:05,[ORL 54-78] Wagner Cutting Layup Shot: Made (4 PTS) Assist: Anthony (4 AST),-12,-2,2,0,0,0,98,1,,1610612753,1629021,78,54,1630175,1610612753,4040000,2,-24
303,3,411,2024-03-09T02:13:07.6000000+00:00,00:47.6,[NYK] DiVincenzo Driving Floating Jump Shot: Missed,0,71,2,0,0,0,101,2,,1610612752,1628978,78,54,,1610612752,4060000,0,-24
304,3,412,2024-03-09T02:13:08.7000000+00:00,00:46.5,[ORL] Ingles Rebound (Off:0 Def:1),0,71,0,0,0,0,0,4,,1610612753,204060,78,54,,1610612752,4070000,0,-24
305,3,413,2024-03-09T02:13:30.1000000+00:00,00:27.8,Stoppage: Out-of-Bounds,0,-80,0,0,0,0,3,20,,0,0,78,54,,1610612753,4080000,0,-24
306,3,414,2024-03-09T02:13:49.9000000+00:00,00:23.7,[ORL] Wagner Jump Shot: Missed,200,-4,2,0,0,0,1,2,,1610612753,1630532,78,54,,1610612753,4090000,0,-24
307,3,415,2024-03-09T02:13:51.5000000+00:00,00:22.1,[NYK] DiVincenzo Rebound (Off:0 Def:3),200,-4,0,0,0,0,0,4,,1610612752,1628978,78,54,,1610612753,4100000,0,-24
308,3,416,2024-03-09T02:14:08.2000000+00:00,00:07.7,[ORL] Anthony Foul: Personal (1 PF) (N Green),20,355,0,0,0,0,1,6,1630540,1610612753,1630175,78,54,1627524,1610612752,4110000,0,-24
309,3,418,2024-03-09T02:14:08.3000000+00:00,00:07.7,[NYK] McBride Substitution replaced by Brunson,0,-80,0,0,0,0,0,8,,1610612752,1630540,78,54,1628973,1610612752,4130000,0,-24
310,3,419,2024-03-09T02:14:08.3000000+00:00,00:07.7,[ORL] Banchero Substitution replaced by Isaac,0,-80,0,0,0,0,0,8,,1610612753,1631094,78,54,1628371,1610612752,4140000,0,-24
311,3,420,2024-03-09T02:14:08.3000000+00:00,00:07.7,[ORL] Ingles Substitution replaced by Fultz,0,-80,0,0,0,0,0,8,,1610612753,204060,78,54,1628365,1610612752,4150000,0,-24
312,3,424,2024-03-09T02:14:51.5000000+00:00,00:06.6,[ORL] Wagner Foul: Personal (1 PF) (2 FTA) (J Goble),143,2,1,0,2,0,1,6,1628978,1610612753,1629021,78,54,1627962,1610612752,4190000,0,-24
313,3,426,2024-03-09T02:15:16.5000000+00:00,00:06.6,[NYK 79-54] DiVincenzo Free Throw 1 of 2 (10 PTS),0,-80,1,0,1,0,11,3,,1610612752,1628978,79,54,,1610612752,4210000,1,-25
314,3,427,2024-03-09T02:15:16.6000000+00:00,00:06.6,[NYK] Brunson Substitution replaced by McBride,0,-80,0,0,0,0,0,8,,1610612752,1628973,79,54,1630540,1610612752,4220000,0,-25
315,3,429,2024-03-09T02:15:43.2000000+00:00,00:06.6,[NYK 80-54] DiVincenzo Free Throw 2 of 2 (11 PTS),0,-80,1,0,1,0,12,3,,1610612752,1628978,80,54,,1610612752,4240000,1,-26
316,3,430,2024-03-09T02:15:52.6000000+00:00,00:01.0,[ORL] Fultz Driving Floating Jump Shot: Missed,-18,16,2,0,0,0,101,2,,1610612753,1628365,80,54,,1610612753,4250000,0,-26
317,3,431,2024-03-09T02:15:52.6000000+00:00,00:01.0,[ORL] Team Rebound,-18,16,1,0,0,0,0,4,,1610612753,0,80,54,,1610612753,4260000,0,-26
318,3,434,2024-03-09T02:16:12.6000000+00:00,00:00.0,End Period,0,-80,0,0,0,0,0,13,,0,0,80,54,,1610612753,4290000,0,-26
319,4,439,2024-03-09T02:18:33.3000000+00:00,12:00,Start Period,0,-80,0,0,0,0,0,12,,0,0,80,54,,1610612753,4340000,0,-26
320,4,440,2024-03-09T02:18:45.6000000+00:00,11:47,[ORL] Fultz Driving Reverse Layup Shot: Missed,7,1,2,0,0,0,73,2,,1610612753,1628365,80,54,,1610612753,4350000,0,-26
321,4,441,2024-03-09T02:18:47.6000000+00:00,11:45,[NYK] DiVincenzo Rebound (Off:0 Def:4),7,1,0,0,0,0,0,4,,1610612752,1628978,80,54,,1610612753,4360000,0,-26
322,4,442,2024-03-09T02:19:04.4000000+00:00,11:27,[NYK] Bogdanovic Step Back Jump shot: Missed,-38,182,2,0,0,0,80,2,,1610612752,202711,80,54,,1610612752,4370000,0,-26
323,4,443,2024-03-09T02:19:05.4000000+00:00,11:26,[NYK] Team Rebound,-38,182,1,0,0,0,0,4,,1610612752,0,80,54,,1610612752,4380000,0,-26
324,4,444,2024-03-09T02:19:09.8000000+00:00,11:26,Stoppage: Out-of-Bounds,0,-80,0,0,0,0,3,20,,0,0,80,54,,1610612752,4390000,0,-26
325,4,445,2024-03-09T02:19:35.0000000+00:00,11:16,[NYK] McBride Turnover : Backcourt Turnover (1 TO),-129,129,0,0,0,0,13,5,,1610612752,1630540,80,54,1627524,1610612752,4400000,0,-26
326,4,446,2024-03-09T02:20:03.3000000+00:00,11:08,[ORL] Wagner Turnover : Lost Ball (1 TO) Steal:McBride (2 ST),126,84,1,0,0,0,2,5,1630540,1610612753,1629021,80,54,,1610612753,4410000,0,-26
327,4,448,2024-03-09T02:20:11.3000000+00:00,11:00,[NYK] Bogdanovic 3pt Shot: Missed,201,152,3,0,0,0,1,2,,1610612752,202711,80,54,,1610612752,4430000,0,-26
328,4,449,2024-03-09T02:20:13.3000000+00:00,10:58,[ORL] Fultz Rebound (Off:0 Def:1),201,152,0,0,0,0,0,4,,1610612753,1628365,80,54,,1610612752,4440000,0,-26
329,4,450,2024-03-09T02:20:22.2000000+00:00,10:52,[ORL] Fultz Turnover : Out of Bounds Lost Ball Turnover (1 TO),-31,-7,0,0,0,0,40,5,,1610612753,1628365,80,54,1830,1610612753,4450000,0,-26
330,4,451,2024-03-09T02:20:33.9000000+00:00,10:52,[NYK] Hart Technical (1 FTA) (M Davis),0,-80,0,0,1,0,11,6,,1610612752,1628404,80,54,1830,1610612752,4460000,0,-26
331,4,452,2024-03-09T02:20:52.0000000+00:00,10:52,[ORL 55-80] Ingles Free Throw Technical (1 PTS),0,-80,1,0,1,0,16,3,,1610612753,204060,80,55,,1610612752,4470000,1,-25
332,4,453,2024-03-09T02:21:23.3000000+00:00,10:34,[NYK] DiVincenzo 3pt Shot: Missed,-235,73,3,0,0,0,1,2,,1610612752,1628978,80,55,,1610612752,4480000,0,-25
333,4,454,2024-03-09T02:21:25.3000000+00:00,10:32,[ORL] Isaac Rebound (Off:2 Def:3),-235,73,0,0,0,0,0,4,,1610612753,1628371,80,55,,1610612752,4490000,0,-25
334,4,455,2024-03-09T02:21:40.7000000+00:00,10:16,[ORL 58-80] Isaac 3pt Shot: Made (11 PTS) Assist: Anthony (5 AST),-150,206,3,0,0,0,1,1,,1610612753,1628371,80,58,1630175,1610612753,4500000,3,-22
335,4,457,2024-03-09T02:22:02.6000000+00:00,09:55,[NYK] DiVincenzo Driving Finger Roll Layup Shot: Missed,26,5,2,0,0,0,75,2,,1610612752,1628978,80,58,,1610612752,4520000,0,-22
336,4,458,2024-03-09T02:22:04.6000000+00:00,09:53,[ORL] Wagner Rebound (Off:0 Def:1),26,5,0,0,0,0,0,4,,1610612753,1629021,80,58,,1610612752,4530000,0,-22
337,4,459,2024-03-09T02:22:21.3000000+00:00,09:39,Stoppage: Out-of-Bounds,0,-80,0,0,0,0,3,20,,0,0,80,58,,1610612753,4540000,0,-22
338,4,460,2024-03-09T02:22:30.2000000+00:00,09:39,Timeout : Regular,0,-80,0,0,0,0,1,9,,1610612753,1610612753,80,58,,1610612753,4550000,0,-22
339,4,461,2024-03-09T02:25:30.6000000+00:00,09:34,[ORL 60-80] Fultz Pullup Jump shot: Made (2 PTS) Assist: Ingles (1 AST),-104,96,2,0,0,0,79,1,,1610612753,1628365,80,60,204060,1610612753,4560000,2,-20
340,4,462,2024-03-09T02:25:53.7000000+00:00,09:11,[NYK 82-60] McBride Pullup Jump shot: Made (12 PTS) Assist: DiVincenzo (6 AST),-87,55,2,0,0,0,79,1,,1610612752,1630540,82,60,1628978,1610612752,4570000,2,-22
341,4,464,2024-03-09T02:26:06.7000000+00:00,09:04,Timeout : Regular,0,-80,0,0,0,0,1,9,,1610612753,1610612753,82,60,,1610612753,4590000,0,-22
342,4,465,2024-03-09T02:26:06.8000000+00:00,09:04,[NYK] Bogdanovic Substitution replaced by Achiuwa,0,-80,0,0,0,0,0,8,,1610612752,202711,82,60,1630173,1610612753,4600000,0,-22
343,4,466,2024-03-09T02:26:06.8000000+00:00,09:04,[ORL] Fultz Substitution replaced by Wagner,0,-80,0,0,0,0,0,8,,1610612753,1628365,82,60,1630532,1610612753,4610000,0,-22
344,4,467,2024-03-09T02:26:06.8000000+00:00,09:04,[ORL] Wagner Substitution replaced by Banchero,0,-80,0,0,0,0,0,8,,1610612753,1629021,82,60,1631094,1610612753,4620000,0,-22
345,4,471,2024-03-09T02:29:14.4000000+00:00,08:52,[ORL 62-82] Anthony Pullup Jump shot: Made (4 PTS),-118,78,2,0,0,0,79,1,,1610612753,1630175,82,62,,1610612753,4660000,2,-20
346,4,473,2024-03-09T02:29:31.9000000+00:00,08:34,[NYK] Achiuwa 3pt Shot: Missed,-228,-12,3,0,0,0,1,2,,1610612752,1630173,82,62,,1610612752,4670000,0,-20
347,4,474,2024-03-09T02:29:33.9000000+00:00,08:32,[NYK] Hart Rebound (Off:1 Def:3),-228,-12,1,0,0,0,0,4,,1610612752,1628404,82,62,,1610612752,4680000,0,-20
348,4,475,2024-03-09T02:29:42.2000000+00:00,08:27,[NYK] DiVincenzo Turnover : Bad Pass (5 TO) Steal:Ingles (1 ST),156,212,1,0,0,0,1,5,204060,1610612752,1628978,82,62,,1610612752,4690000,0,-20
349,4,477,2024-03-09T02:29:46.1000000+00:00,08:26,[NYK] DiVincenzo Foul: Personal (1 PF) (N Green),-150,628,0,0,0,0,1,6,204060,1610612752,1628978,82,62,1627524,1610612753,4710000,0,-20
350,4,479,2024-03-09T02:30:14.5000000+00:00,08:08,[ORL] Wagner 3pt Shot: Missed,134,246,3,0,0,0,1,2,,1610612753,1630532,82,62,,1610612753,4730000,0,-20
351,4,480,2024-03-09T02:30:16.5000000+00:00,08:06,[NYK] Team Rebound,134,246,0,0,0,0,0,4,,1610612752,0,82,62,,1610612753,4740000,0,-20
352,4,481,2024-03-09T02:30:20.0000000+00:00,08:06,Stoppage: Out-of-Bounds,0,-80,0,0,0,0,3,20,,0,0,82,62,,1610612752,4750000,0,-20
353,4,482,2024-03-09T02:30:47.5000000+00:00,07:49,[ORL] Banchero Foul: Shooting (3 PF) (2 FTA) (M Davis),-33,10,0,0,2,0,2,6,1630173,1610612753,1631094,82,62,1830,1610612752,4760000,0,-20
354,4,484,2024-03-09T02:31:11.9000000+00:00,07:49,[NYK 83-62] Achiuwa Free Throw 1 of 2 (12 PTS),0,-80,1,0,1,0,11,3,,1610612752,1630173,83,62,,1610612752,4780000,1,-21
355,4,485,2024-03-09T02:31:12.0000000+00:00,07:49,[NYK] McBride Substitution replaced by Brunson,0,-80,0,0,0,0,0,8,,1610612752,1630540,83,62,1628973,1610612752,4790000,0,-21
356,4,487,2024-03-09T02:31:11.9000000+00:00,07:49,[NYK] Achiuwa Free Throw 2 of 2 Missed,0,-80,2,0,0,0,12,3,,1610612752,1630173,83,62,,1610612752,4810000,0,-21
357,4,488,2024-03-09T02:31:13.9000000+00:00,07:47,[ORL] Banchero Rebound (Off:1 Def:7),0,-80,0,0,0,0,0,4,,1610612753,1631094,83,62,,1610612752,4810001,0,-21
358,4,489,2024-03-09T02:31:45.4000000+00:00,07:38,[ORL] Banchero Driving Layup Shot: Missed Block: Achiuwa (5 BLK),-2,0,2,0,0,0,6,2,1630173,1610612753,1631094,83,62,,1610612753,4830000,0,-21
359,4,491,2024-03-09T02:31:47.4000000+00:00,07:36,[NYK] Hart Rebound (Off:1 Def:4),-2,0,0,0,0,0,0,4,,1610612752,1628404,83,62,,1610612753,4850000,0,-21
360,4,492,2024-03-09T02:31:52.8000000+00:00,07:34,[NYK] Hart Running Layup Shot: Missed Block: Anthony (1 BLK),18,13,2,1,0,0,41,2,1630175,1610612752,1628404,83,62,,1610612752,4860000,0,-21
361,4,494,2024-03-09T02:31:53.8000000+00:00,07:33,[ORL] Team Rebound,18,13,0,0,0,0,0,4,,1610612753,0,83,62,,1610612752,4880000,0,-21
362,4,495,2024-03-09T02:31:58.4000000+00:00,07:33,Stoppage: Out-of-Bounds,0,-80,0,0,0,0,3,20,,0,0,83,62,,1610612753,4890000,0,-21
363,4,496,2024-03-09T02:32:06.4000000+00:00,07:28,[ORL] Anthony 3pt Shot: Missed,172,180,3,0,0,0,79,2,,1610612753,1630175,83,62,,1610612753,4900000,0,-21
364,4,497,2024-03-09T02:32:07.4000000+00:00,07:27,[NYK] Team Rebound,172,180,0,0,0,0,0,4,,1610612752,0,83,62,,1610612753,4910000,0,-21
365,4,498,2024-03-09T02:32:11.0000000+00:00,07:27,Stoppage: Out-of-Bounds,0,-80,0,0,0,0,3,20,,0,0,83,62,,1610612752,4920000,0,-21
366,4,499,2024-03-09T02:32:36.3000000+00:00,07:07,[NYK] Brunson Driving Layup Shot: Missed Block: Anthony (2 BLK),-15,45,2,0,0,0,6,2,1630175,1610612752,1628973,83,62,,1610612752,4930000,0,-21
367,4,501,2024-03-09T02:32:37.3000000+00:00,07:06,[ORL] Team Rebound,-15,45,0,0,0,0,0,4,,1610612753,0,83,62,,1610612752,4950000,0,-21
368,4,502,2024-03-09T02:32:51.2000000+00:00,07:06,[NYK] Sims Violation:Kicked Ball (J Goble),0,-80,0,0,0,0,5,7,,1610612752,1630579,83,62,,1610612753,4960000,0,-21
369,4,503,2024-03-09T02:33:14.5000000+00:00,06:54,[NYK] Brunson Foul: Shooting (2 PF) (2 FTA) (N Green),-12,61,0,0,2,0,2,6,1631094,1610612752,1628973,83,62,1627524,1610612753,4970000,0,-21
370,4,505,2024-03-09T02:33:38.7000000+00:00,06:54,[ORL 63-83] Banchero Free Throw 1 of 2 (18 PTS),0,-80,1,0,1,0,11,3,,1610612753,1631094,83,63,,1610612753,4990000,1,-20
371,4,506,2024-03-09T02:33:38.7000000+00:00,06:54,[ORL] Banchero Free Throw 2 of 2 Missed,0,-80,2,0,0,0,12,3,,1610612753,1631094,83,63,,1610612753,5000000,0,-20
372,4,507,2024-03-09T02:33:40.7000000+00:00,06:52,[NYK] Achiuwa Rebound (Off:3 Def:9),0,-80,0,0,0,0,0,4,,1610612752,1630173,83,63,,1610612753,5000001,0,-20
373,4,508,2024-03-09T02:34:14.8000000+00:00,06:36,[NYK 86-63] Achiuwa 3pt Shot: Made (15 PTS) Assist: Hart (4 AST),228,75,3,0,0,0,1,1,,1610612752,1630173,86,63,1628404,1610612752,5020000,3,-23
374,4,510,2024-03-09T02:34:29.5000000+00:00,06:21,[ORL] Wagner Driving Finger Roll Layup Shot: Missed,18,1,2,0,0,0,75,2,,1610612753,1630532,86,63,,1610612753,5040000,0,-23
375,4,511,2024-03-09T02:34:31.5000000+00:00,06:19,[NYK] Achiuwa Rebound (Off:3 Def:10),18,1,0,0,0,0,0,4,,1610612752,1630173,86,63,,1610612753,5050000,0,-23
376,4,512,2024-03-09T02:34:33.1000000+00:00,06:17,[NYK] Achiuwa Turnover : Bad Pass (3 TO) Steal:Ingles (2 ST),-17,814,1,0,0,0,1,5,204060,1610612752,1630173,86,63,,1610612752,5060000,0,-23
377,4,514,2024-03-09T02:34:40.2000000+00:00,06:10,[ORL 65-86] Banchero Driving Layup Shot: Made (20 PTS),1,-2,2,0,0,0,6,1,,1610612753,1631094,86,65,,1610612753,5080000,2,-21
378,4,515,2024-03-09T02:34:59.4000000+00:00,05:50,[NYK] Hart Driving Layup Shot: Missed Block: Isaac (2 BLK),-2,3,2,0,0,0,6,2,1628371,1610612752,1628404,86,65,,1610612752,5090000,0,-21
379,4,517,2024-03-09T02:35:01.4000000+00:00,05:48,[NYK] Sims Rebound (Off:3 Def:2),-2,3,1,0,0,0,0,4,,1610612752,1630579,86,65,,1610612752,5110000,0,-21
380,4,518,2024-03-09T02:35:07.5000000+00:00,05:42,[NYK] Achiuwa 3pt Shot: Missed,159,197,3,0,0,0,1,2,,1610612752,1630173,86,65,,1610612752,5120000,0,-21
381,4,519,2024-03-09T02:35:09.5000000+00:00,05:40,[ORL] Isaac Rebound (Off:2 Def:4),159,197,0,0,0,0,0,4,,1610612753,1628371,86,65,,1610612752,5130000,0,-21
382,4,522,2024-03-09T02:35:25.1000000+00:00,05:25,[ORL 68-86] Banchero 3pt Shot: Made (23 PTS),-180,184,3,0,0,0,80,1,,1610612753,1631094,86,68,,1610612753,5160000,3,-18
383,4,524,2024-03-09T02:35:46.1000000+00:00,05:04,[NYK 88-68] Brunson Driving Floating Jump Shot: Made (23 PTS),-4,39,2,0,0,0,101,1,,1610612752,1628973,88,68,,1610612752,5180000,2,-20
384,4,525,2024-03-09T02:36:00.3000000+00:00,04:50,[ORL] Banchero Pullup Jump shot: Missed,-27,115,2,0,0,0,79,2,,1610612753,1631094,88,68,,1610612753,5190000,0,-20
385,4,526,2024-03-09T02:36:01.3000000+00:00,04:49,[NYK] Hart Rebound (Off:1 Def:5),-27,115,0,0,0,0,0,4,,1610612752,1628404,88,68,,1610612753,5200000,0,-20
386,4,527,2024-03-09T02:36:05.8000000+00:00,04:48,[ORL] Anthony Foul: Personal (2 PF) (M Davis),-1,840,0,0,0,0,1,6,1628404,1610612753,1630175,88,68,1830,1610612752,5210000,0,-20
387,4,529,2024-03-09T02:36:05.9000000+00:00,04:48,[ORL] Isaac Substitution replaced by Houstan,0,-80,0,0,0,0,0,8,,1610612753,1628371,88,68,1631216,1610612752,5230000,0,-20
388,4,530,2024-03-09T02:36:05.9000000+00:00,04:48,[ORL] Ingles Substitution replaced by Bitadze,0,-80,0,0,0,0,0,8,,1610612753,204060,88,68,1629048,1610612752,5240000,0,-20
389,4,533,2024-03-09T02:36:47.5000000+00:00,04:31,[NYK 91-68] Brunson 3pt Shot: Made (26 PTS) Assist: Achiuwa (3 AST),232,29,3,0,0,0,1,1,,1610612752,1628973,91,68,1630173,1610612752,5270000,3,-23
390,4,535,2024-03-09T02:36:57.5000000+00:00,04:21,[ORL 70-91] Wagner Driving Layup Shot: Made (13 PTS),4,10,2,0,0,0,6,1,,1610612753,1630532,91,70,,1610612753,5290000,2,-21
391,4,536,2024-03-09T02:37:18.9000000+00:00,03:59,[NYK] Brunson Turnover : Lost Ball (1 TO) Steal:Banchero (2 ST),-42,197,1,0,0,0,2,5,1631094,1610612752,1628973,91,70,,1610612752,5300000,0,-21
392,4,538,2024-03-09T02:37:23.7000000+00:00,03:54,[ORL] Houstan 3pt Shot: Missed,164,189,3,1,0,0,2,2,,1610612753,1631216,91,70,,1610612753,5320000,0,-21
393,4,539,2024-03-09T02:37:25.7000000+00:00,03:52,[ORL] Banchero Rebound (Off:2 Def:7),164,189,1,0,0,0,0,4,,1610612753,1631094,91,70,,1610612753,5330000,0,-21
394,4,540,2024-03-09T02:37:33.1000000+00:00,03:45,[ORL] Wagner 3pt Shot: Missed,-59,260,3,0,0,0,1,2,,1610612753,1630532,91,70,,1610612753,5340000,0,-21
395,4,541,2024-03-09T02:37:35.1000000+00:00,03:43,[ORL] Anthony Rebound (Off:1 Def:0),-59,260,1,0,0,0,0,4,,1610612753,1630175,91,70,,1610612753,5350000,0,-21
396,4,542,2024-03-09T02:37:41.2000000+00:00,03:36,[ORL] Anthony 3pt Shot: Missed,-237,26,3,0,0,0,1,2,,1610612753,1630175,91,70,,1610612753,5360000,0,-21
397,4,543,2024-03-09T02:37:43.2000000+00:00,03:34,[NYK] Achiuwa Rebound (Off:3 Def:11),-237,26,0,0,0,0,0,4,,1610612752,1630173,91,70,,1610612753,5370000,0,-21
398,4,544,2024-03-09T02:38:02.5000000+00:00,03:15,[NYK] Brunson 3pt Shot: Missed,121,218,3,0,0,0,80,2,,1610612752,1628973,91,70,,1610612752,5380000,0,-21
399,4,545,2024-03-09T02:38:04.5000000+00:00,03:13,[NYK] Hart Rebound (Off:2 Def:5),121,218,1,0,0,0,0,4,,1610612752,1628404,91,70,,1610612752,5390000,0,-21
400,4,546,2024-03-09T02:38:08.2000000+00:00,03:13,[NYK 93-70] Hart Putback Dunk Shot: Made (16 PTS),0,0,2,0,0,0,87,1,,1610612752,1628404,93,70,,1610612752,5400000,2,-23
401,4,547,2024-03-09T02:38:13.2000000+00:00,03:13,Timeout : Regular,0,-80,0,0,0,0,1,9,,1610612753,1610612753,93,70,,1610612753,5410000,0,-23
402,4,548,2024-03-09T02:38:13.3000000+00:00,03:13,[NYK] Brunson Substitution replaced by McBride,0,-80,0,0,0,0,0,8,,1610612752,1628973,93,70,1630540,1610612753,5420000,0,-23
403,4,549,2024-03-09T02:38:13.3000000+00:00,03:13,[ORL] Anthony Substitution replaced by Black,0,-80,0,0,0,0,0,8,,1610612753,1630175,93,70,1641710,1610612753,5430000,0,-23
404,4,550,2024-03-09T02:38:13.3000000+00:00,03:13,[ORL] Wagner Substitution replaced by Schofield,0,-80,0,0,0,0,0,8,,1610612753,1630532,93,70,1629678,1610612753,5440000,0,-23
405,4,551,2024-03-09T02:38:13.3000000+00:00,03:13,[ORL] Banchero Substitution replaced by Okeke,0,-80,0,0,0,0,0,8,,1610612753,1631094,93,70,1629643,1610612753,5450000,0,-23
406,4,556,2024-03-09T02:40:20.3000000+00:00,02:50,Stoppage: Out-of-Bounds,0,-80,0,0,0,0,3,20,,0,0,93,70,,1610612753,5500000,0,-23
407,4,557,2024-03-09T02:40:37.9000000+00:00,02:48,[ORL] Okeke 3pt Shot: Missed,-27,306,3,0,0,0,1,2,,1610612753,1629643,93,70,,1610612753,5510000,0,-23
408,4,558,2024-03-09T02:40:40.7000000+00:00,02:46,[NYK] Sims Rebound (Off:3 Def:3),-27,306,0,0,0,0,0,4,,1610612752,1630579,93,70,,1610612753,5520000,0,-23
409,4,559,2024-03-09T02:40:57.9000000+00:00,02:28,[NYK] DiVincenzo 3pt Shot: Missed,-229,105,3,0,0,0,1,2,,1610612752,1628978,93,70,,1610612752,5530000,0,-23
410,4,560,2024-03-09T02:40:59.9000000+00:00,02:26,[ORL] Schofield Rebound (Off:0 Def:1),-229,105,0,0,0,0,0,4,,1610612753,1629678,93,70,,1610612752,5540000,0,-23
411,4,561,2024-03-09T02:41:09.8000000+00:00,02:16,[ORL] Schofield 3pt Shot: Missed,-234,-9,3,0,0,0,1,2,,1610612753,1629678,93,70,,1610612753,5550000,0,-23
412,4,562,2024-03-09T02:41:11.8000000+00:00,02:14,[NYK] McBride Rebound (Off:1 Def:2),-234,-9,0,0,0,0,0,4,,1610612752,1630540,93,70,,1610612753,5560000,0,-23
413,4,563,2024-03-09T02:41:31.9000000+00:00,01:53,[NYK] DiVincenzo 3pt Shot: Missed,169,213,3,0,0,0,1,2,,1610612752,1628978,93,70,,1610612752,5570000,0,-23
414,4,564,2024-03-09T02:41:33.9000000+00:00,01:51,[ORL] Okeke Rebound (Off:0 Def:1),169,213,0,0,0,0,0,4,,1610612753,1629643,93,70,,1610612752,5580000,0,-23
415,4,565,2024-03-09T02:41:44.5000000+00:00,01:41,[ORL 72-93] Okeke Turnaround Hook Shot: Made (2 PTS),9,88,2,0,0,0,58,1,,1610612753,1629643,93,72,,1610612753,5590000,2,-21
416,4,566,2024-03-09T02:42:04.7000000+00:00,01:23,[NYK 96-72] Hart 3pt Shot: Made (19 PTS) Assist: Achiuwa (4 AST),119,226,3,0,0,0,1,1,,1610612752,1628404,96,72,1630173,1610612752,5600000,3,-24
417,4,568,2024-03-09T02:42:19.6000000+00:00,01:13,[NYK] Sims Foul: Shooting (3 PF) (2 FTA) (M Davis),-1,84,0,0,2,0,2,6,1631216,1610612752,1630579,96,72,1830,1610612753,5620000,0,-24
418,4,570,2024-03-09T02:42:50.2000000+00:00,01:13,[ORL 73-96] Houstan Free Throw 1 of 2 (1 PTS),0,-80,1,0,1,0,11,3,,1610612753,1631216,96,73,,1610612753,5640000,1,-23
419,4,571,2024-03-09T02:42:50.3000000+00:00,01:13,[NYK] DiVincenzo Substitution replaced by Brown Jr.,0,-80,0,0,0,0,0,8,,1610612752,1628978,96,73,1629718,1610612753,5650000,0,-23
420,4,572,2024-03-09T02:42:50.3000000+00:00,01:13,[NYK] Hart Substitution replaced by Toppin,0,-80,0,0,0,0,0,8,,1610612752,1628404,96,73,1631210,1610612753,5660000,0,-23
421,4,573,2024-03-09T02:42:50.3000000+00:00,01:13,[NYK] Achiuwa Substitution replaced by Milton,0,-80,0,0,0,0,0,8,,1610612752,1630173,96,73,1629003,1610612753,5670000,0,-23
422,4,577,2024-03-09T02:43:14.2000000+00:00,01:13,[ORL 74-96] Houstan Free Throw 2 of 2 (2 PTS),0,-80,1,0,1,0,12,3,,1610612753,1631216,96,74,,1610612753,5710000,1,-22
423,4,578,2024-03-09T02:43:34.6000000+00:00,00:54.2,[NYK 98-74] McBride Pullup Jump shot: Made (14 PTS),104,143,2,0,0,0,79,1,,1610612752,1630540,98,74,,1610612752,5720000,2,-24
424,4,579,2024-03-09T02:43:52.2000000+00:00,00:40.2,[ORL] Okeke 3pt Shot: Missed,213,121,3,0,0,0,1,2,,1610612753,1629643,98,74,,1610612753,5730000,0,-24
425,4,580,2024-03-09T02:43:54.7000000+00:00,00:37.7,[ORL] Team Rebound,213,121,1,0,0,0,0,4,,1610612753,0,98,74,,1610612753,5740000,0,-24
426,4,581,2024-03-09T02:43:58.4000000+00:00,00:37.7,Stoppage: Out-of-Bounds,0,-80,0,0,0,0,3,20,,0,0,98,74,,1610612753,5750000,0,-24
427,4,582,2024-03-09T02:44:17.7000000+00:00,00:30.9,[ORL] Bitadze Foul: Offensive (1 PF) (J Goble),185,151,0,0,0,0,4,6,1629718,1610612753,1629048,98,74,1627962,1610612753,5760000,0,-24
428,4,584,2024-03-09T02:44:17.7000000+00:00,00:30.9,[ORL] Bitadze Turnover : Offensive Foul Turnover (1 TO),185,151,0,0,0,0,37,5,,1610612753,1629048,98,74,1627962,1610612753,5780000,0,-24
429,4,585,2024-03-09T02:44:56.2000000+00:00,00:06.9,[NYK] Team Turnover : Shot Clock Turnover,178,344,0,0,0,0,11,5,,1610612752,0,98,74,,1610612752,5790000,0,-24
430,4,586,2024-03-09T02:45:14.8000000+00:00,00:00.0,End Period,0,-80,0,0,0,0,0,13,,0,0,98,74,,1610612753,5800000,0,-24
